,Vehicle Class,Coverage,Renew Offer Type,Employment Status,Marital Status,Education,Number of Policies,Monthly Premium Auto,Total Claim Amount,Income,Customer Lifetime Value,Gender,Location Code,Policy Duration (Months)
4609,Four-Door Car,Extended,Offer3,Employed,Married,Doctor,3,88.0,3.4637,67735.0,7096.598526,F,Rural,87
775,Four-Door Car,Extended,Offer2,Employed,Married,High School or Below,3,78.0,374.4,78532.0,6323.923864,F,Suburban,87
396,Two-Door Car,Premium,Offer4,Employed,Married,Master,1,102.0,423.819864,38884.0,4090.750678,F,Urban,87
1369,Four-Door Car,Basic,Offer2,Employed,Married,Bachelor,2,67.0,355.198918,58058.0,8012.365866,M,Suburban,49
4636,SUV,Extended,Offer1,Employed,Married,Bachelor,9,129.0,618.20653,93495.0,10392.96347,M,Urban,0
3632,Two-Door Car,Basic,Offer2,Employed,Married,High School or Below,1,72.0,515.122954,35654.0,2885.742441,F,Suburban,19
1846,Sports Car,Extended,Offer1,Employed,Single,High School or Below,2,131.0,810.06514,50461.0,15626.28021,F,Suburban,89
30,Four-Door Car,Basic,Offer3,Employed,Married,Bachelor,8,68.0,265.877583,62039.0,5396.311664,M,Urban,30
3515,Four-Door Car,Basic,Offer1,Employed,Single,College,6,71.0,430.163277,51737.0,5598.00838,F,Suburban,55
1677,Two-Door Car,Extended,Offer1,Employed,Married,Bachelor,2,99.0,513.252488,36431.0,11760.87637,M,Suburban,59
1695,Two-Door Car,Extended,Offer1,Employed,Single,Bachelor,1,87.0,488.84232,38821.0,3339.299496,F,Suburban,64
4461,Four-Door Car,Extended,Offer2,Disabled,Married,High School or Below,1,89.0,640.8,19447.0,3336.219942,M,Suburban,6
4714,SUV,Basic,Offer1,Employed,Single,High School or Below,3,101.0,484.8,30366.0,7704.95848,M,Suburban,13
4503,Four-Door Car,Basic,Offer1,Employed,Divorced,College,3,68.0,326.4,69488.0,5195.824739,M,Suburban,25
4089,SUV,Basic,Offer4,Employed,Married,High School or Below,5,108.0,518.4,37759.0,8561.561976,M,Suburban,51
4454,Four-Door Car,Extended,Offer4,Employed,Single,Bachelor,2,85.0,408.0,67890.0,9942.304791,M,Suburban,57
1745,Four-Door Car,Premium,Offer2,Employed,Married,Bachelor,2,104.0,499.2,81400.0,16699.46158,F,Suburban,19
5199,Two-Door Car,Basic,Offer4,Employed,Married,College,1,69.0,331.2,32437.0,2742.797845,F,Suburban,96
2387,Sports Car,Basic,Offer1,Medical Leave,Married,High School or Below,3,119.0,571.2,27849.0,9269.677845,M,Suburban,94
3259,Four-Door Car,Extended,Offer4,Employed,Married,College,2,82.0,31.652079,37345.0,9752.698201,F,Rural,12
2817,Luxury Car,Basic,Offer4,Employed,Married,Bachelor,1,181.0,422.960234,51791.0,7148.331333,F,Rural,46
835,Luxury SUV,Basic,Offer3,Employed,Married,High School or Below,1,184.0,883.2,40858.0,7282.967586,M,Suburban,62
3828,Four-Door Car,Extended,Offer2,Retired,Divorced,College,2,77.0,449.352139,29692.0,8065.234637,M,Suburban,53
3939,Four-Door Car,Basic,Offer4,Employed,Married,Bachelor,1,70.0,409.985435,70037.0,2831.683664,F,Suburban,61
5568,Four-Door Car,Basic,Offer4,Employed,Married,College,3,68.0,114.743385,68815.0,5447.201066,F,Rural,37
5261,Four-Door Car,Extended,Offer3,Employed,Married,Bachelor,3,78.0,115.086827,68964.0,6274.123875,F,Rural,6
4974,Two-Door Car,Extended,Offer1,Employed,Divorced,Bachelor,2,81.0,561.414794,38736.0,9597.474777,F,Suburban,35
3736,Four-Door Car,Extended,Offer1,Employed,Married,College,3,97.0,284.49502,54431.0,7849.125533,F,Urban,62
5180,SUV,Basic,Offer2,Employed,Single,Bachelor,1,114.0,92.915251,68798.0,4502.679656,M,Rural,69
7,Four-Door Car,Basic,Offer2,Employed,Married,College,1,66.0,144.987956,26477.0,2621.116054,F,Rural,37
1179,Four-Door Car,Basic,Offer2,Employed,Married,High School or Below,1,68.0,184.379697,69844.0,2731.520409,F,Urban,9
4109,SUV,Basic,Offer1,Employed,Single,College,2,102.0,346.845129,91871.0,28486.0728,F,Urban,3
1379,Four-Door Car,Basic,Offer4,Employed,Divorced,College,3,62.0,297.6,52796.0,4911.458509,M,Suburban,17
1502,SUV,Premium,Offer2,Employed,Single,College,9,156.0,430.505942,52135.0,12275.34309,F,Urban,86
4574,Four-Door Car,Extended,Offer4,Employed,Married,High School or Below,1,97.0,465.6,26262.0,3844.569357,M,Suburban,59
3979,SUV,Basic,Offer2,Employed,Married,High School or Below,2,102.0,459.966453,66014.0,32961.15225,F,Urban,11
676,Four-Door Car,Basic,Offer1,Employed,Divorced,Bachelor,3,62.0,297.6,82413.0,4995.211519,F,Suburban,79
2497,Two-Door Car,Basic,Offer4,Employed,Married,High School or Below,3,68.0,29.209521,61546.0,5439.804227,M,Rural,27
2626,Four-Door Car,Extended,Offer3,Employed,Married,High School or Below,1,86.0,32.715179,97162.0,3459.037949,M,Rural,63
2055,Four-Door Car,Basic,Offer3,Employed,Married,College,3,68.0,169.414572,22280.0,5279.124682,M,Rural,48
4038,SUV,Basic,Offer2,Retired,Married,College,1,105.0,504.0,17220.0,3985.319833,M,Suburban,24
3952,Four-Door Car,Basic,Offer2,Employed,Single,Bachelor,3,74.0,274.165887,89953.0,5904.847853,F,Urban,42
4137,Four-Door Car,Extended,Offer3,Employed,Married,Master,1,80.0,244.158446,68370.0,3203.303695,M,Urban,45
3789,Two-Door Car,Basic,Offer2,Employed,Divorced,High School or Below,1,68.0,292.135884,58620.0,2722.408776,M,Urban,60
223,Four-Door Car,Extended,Offer2,Employed,Divorced,College,2,89.0,49.451117,61108.0,10484.91535,F,Rural,93
184,Two-Door Car,Extended,Offer1,Retired,Married,High School or Below,7,90.0,432.0,21835.0,6715.59268,M,Suburban,78
2821,Four-Door Car,Basic,Offer1,Employed,Married,College,3,71.0,340.8,59768.0,5532.863336,M,Suburban,93
276,Luxury SUV,Basic,Offer2,Employed,Married,College,5,185.0,75.698305,22012.0,14472.583,F,Rural,69
715,Four-Door Car,Basic,Offer3,Employed,Married,College,1,71.0,165.520952,91810.0,2867.211836,F,Rural,43
5662,Luxury Car,Premium,Offer2,Employed,Married,Doctor,9,296.0,498.159874,79655.0,23984.62144,F,Rural,17
5374,Two-Door Car,Basic,Offer2,Employed,Married,Bachelor,1,66.0,456.473115,28519.0,2606.208503,F,Suburban,56
656,Four-Door Car,Basic,Offer1,Employed,Married,Bachelor,6,67.0,321.6,61542.0,5284.041003,M,Suburban,83
5362,Luxury SUV,Basic,Offer1,Employed,Single,College,1,199.0,436.695385,31456.0,7607.983712,F,Rural,61
4150,Four-Door Car,Premium,Offer2,Disabled,Divorced,High School or Below,9,114.0,547.2,18017.0,8583.272854,F,Suburban,54
2057,Four-Door Car,Basic,Offer4,Employed,Married,Bachelor,3,65.0,123.945627,35289.0,5078.451231,M,Rural,94
5176,Two-Door Car,Extended,Offer2,Employed,Married,Master,3,85.0,63.161647,42602.0,6511.467626,M,Rural,75
592,SUV,Basic,Offer1,Employed,Married,College,6,114.0,174.588413,43490.0,8982.850377,F,Rural,63
4104,SUV,Basic,Offer2,Employed,Married,Bachelor,1,105.0,756.0,39492.0,4105.580991,M,Suburban,81
2697,SUV,Extended,Offer1,Employed,Married,High School or Below,5,134.0,614.03209,62053.0,10827.87278,F,Urban,89
4591,Two-Door Car,Basic,Offer1,Disabled,Married,High School or Below,2,66.0,316.8,10375.0,7590.050089,M,Suburban,95
1188,Four-Door Car,Extended,Offer1,Employed,Married,Bachelor,1,88.0,189.144728,59496.0,3527.851585,F,Rural,64
5086,Sports Car,Basic,Offer1,Disabled,Married,Bachelor,1,116.0,571.319514,14985.0,4506.577736,F,Suburban,45
1679,SUV,Basic,Offer2,Employed,Divorced,High School or Below,1,112.0,662.715218,37800.0,4424.579094,F,Suburban,77
1819,Two-Door Car,Basic,Offer2,Employed,Married,College,1,64.0,106.591949,83758.0,2585.955652,F,Rural,34
2668,Four-Door Car,Extended,Offer3,Employed,Married,Bachelor,2,84.0,145.990089,33901.0,20003.14091,F,Rural,19
2044,Two-Door Car,Basic,Offer1,Medical Leave,Married,High School or Below,2,63.0,302.4,18120.0,7028.940001,F,Suburban,90
1175,SUV,Basic,Offer4,Employed,Married,College,2,106.0,604.237801,61347.0,21101.21422,F,Suburban,66
1858,Four-Door Car,Extended,Offer1,Employed,Married,High School or Below,1,77.0,369.6,23277.0,2993.117683,M,Suburban,68
4922,Four-Door Car,Basic,Offer2,Employed,Married,College,1,69.0,331.2,91757.0,2745.129849,M,Suburban,58
3963,Sports Car,Basic,Offer1,Employed,Divorced,Bachelor,7,109.0,523.2,24031.0,8496.063681,M,Suburban,72
3180,SUV,Basic,Offer3,Employed,Married,High School or Below,5,113.0,542.4,59183.0,9100.731403,F,Suburban,91
33,Four-Door Car,Basic,Offer2,Disabled,Divorced,High School or Below,2,65.0,312.0,26721.0,6747.524275,M,Suburban,64
3977,Two-Door Car,Basic,Offer4,Employed,Single,High School or Below,3,67.0,279.184512,97917.0,4928.001408,M,Urban,32
5210,Four-Door Car,Basic,Offer2,Employed,Married,Bachelor,5,66.0,316.8,41596.0,5232.454958,M,Suburban,12
5118,Two-Door Car,Basic,Offer2,Employed,Married,College,1,70.0,336.0,33104.0,2691.596929,M,Suburban,23
2454,Luxury Car,Basic,Offer3,Employed,Married,Bachelor,9,190.0,1090.122048,48885.0,15284.33065,M,Suburban,90
350,Four-Door Car,Basic,Offer2,Medical Leave,Divorced,Master,7,74.0,355.061143,14306.0,5264.361755,M,Urban,22
4135,Sports Car,Basic,Offer1,Employed,Married,Bachelor,2,104.0,88.173438,52797.0,12174.58795,M,Rural,13
1049,Four-Door Car,Extended,Offer1,Employed,Married,College,2,93.0,446.4,35773.0,11030.66148,F,Suburban,89
5514,Four-Door Car,Basic,Offer2,Employed,Married,Bachelor,4,73.0,350.4,70524.0,5794.565797,M,Suburban,5
4806,Four-Door Car,Extended,Offer2,Employed,Married,High School or Below,8,99.0,475.2,40032.0,7899.217251,F,Suburban,35
1890,Four-Door Car,Extended,Offer1,Employed,Divorced,Master,3,96.0,1084.95655,42677.0,7689.700105,F,Suburban,20
5062,SUV,Basic,Offer2,Employed,Married,Master,2,112.0,229.70752,26140.0,13411.31102,F,Rural,50
622,Luxury SUV,Extended,Offer1,Employed,Married,College,2,201.0,1064.482165,43704.0,24178.68478,M,Suburban,67
4739,Four-Door Car,Extended,Offer3,Employed,Married,Master,3,91.0,436.8,24124.0,7150.111338,M,Suburban,52
161,Four-Door Car,Basic,Offer3,Employed,Married,Bachelor,1,62.0,297.6,27615.0,2389.980951,M,Suburban,18
2071,SUV,Basic,Offer1,Employed,Divorced,Bachelor,1,105.0,756.0,35945.0,4139.89767,M,Suburban,25
4505,SUV,Premium,Offer2,Employed,Married,High School or Below,2,163.0,983.374985,25561.0,19357.79964,F,Suburban,25
156,SUV,Extended,Offer3,Employed,Divorced,College,1,127.0,609.6,21385.0,4953.086407,F,Suburban,37
4570,Four-Door Car,Basic,Offer3,Employed,Single,College,2,67.0,33.718553,22668.0,7750.120323,F,Rural,34
2847,Four-Door Car,Extended,Offer1,Employed,Married,College,3,92.0,501.092992,30449.0,7390.903278,M,Suburban,47
5545,SUV,Basic,Offer2,Employed,Single,Bachelor,2,109.0,664.980242,33799.0,15488.43196,M,Suburban,52
921,SUV,Extended,Offer1,Employed,Single,College,2,126.0,339.000467,67060.0,13623.62257,M,Urban,85
3289,Two-Door Car,Basic,Offer2,Employed,Married,Bachelor,3,67.0,251.795869,65978.0,5394.703229,M,Urban,50
32,Two-Door Car,Extended,Offer1,Employed,Married,College,8,98.0,196.37368,71134.0,7708.883885,F,Rural,95
5288,SUV,Basic,Offer3,Employed,Married,College,1,117.0,561.6,47829.0,4708.203284,F,Suburban,37
5481,Two-Door Car,Basic,Offer1,Disabled,Married,Master,3,65.0,72.438681,25486.0,5004.310469,M,Rural,53
1035,SUV,Basic,Offer2,Employed,Married,Master,7,116.0,551.413755,55808.0,9267.920019,M,Urban,4
2959,SUV,Basic,Offer3,Medical Leave,Single,College,1,117.0,842.4,23480.0,4384.854616,F,Suburban,89
2268,Sports Car,Basic,Offer4,Employed,Married,Bachelor,1,101.0,484.8,21359.0,4035.68383,F,Suburban,5
1937,Four-Door Car,Basic,Offer2,Employed,Married,Bachelor,1,70.0,113.724707,40506.0,2769.252177,M,Rural,98
198,Four-Door Car,Premium,Offer1,Disabled,Divorced,Master,1,108.0,518.4,11621.0,4059.567414,F,Suburban,98
643,Four-Door Car,Basic,Offer1,Employed,Married,College,2,68.0,279.996658,84815.0,8217.427595,F,Urban,37
3154,SUV,Basic,Offer2,Employed,Married,High School or Below,7,107.0,480.521227,59107.0,8629.329351,F,Urban,57
3582,Four-Door Car,Basic,Offer3,Employed,Divorced,Master,9,69.0,331.2,27722.0,5532.629846,M,Suburban,29
5329,Sports Car,Basic,Offer2,Employed,Single,Bachelor,1,111.0,215.23091,31071.0,4305.793209,F,Rural,57
4809,Two-Door Car,Basic,Offer1,Employed,Divorced,High School or Below,2,65.0,184.958966,34430.0,7732.385103,F,Urban,15
3682,Luxury SUV,Basic,Offer1,Employed,Married,High School or Below,6,185.0,1.587888,91193.0,14886.70602,M,Rural,75
5386,SUV,Basic,Offer1,Employed,Married,Master,2,107.0,513.6,62448.0,12913.49818,M,Suburban,11
836,Four-Door Car,Basic,Offer4,Employed,Married,College,2,66.0,77.442722,99069.0,7985.472561,F,Rural,28
5024,SUV,Basic,Offer3,Employed,Single,College,1,106.0,337.95778,57283.0,4080.81891,F,Urban,85
1021,Two-Door Car,Extended,Offer2,Employed,Married,High School or Below,1,76.0,364.8,28564.0,2999.338779,M,Suburban,44
4457,Two-Door Car,Premium,Offer1,Employed,Married,Master,5,106.0,508.8,26680.0,8613.464627,F,Suburban,49
3237,SUV,Extended,Offer1,Employed,Divorced,College,5,136.0,242.545602,37233.0,10856.17638,M,Rural,91
3367,Four-Door Car,Basic,Offer3,Employed,Married,High School or Below,5,62.0,374.240783,52275.0,4982.681374,F,Suburban,88
607,Two-Door Car,Basic,Offer1,Retired,Single,College,3,65.0,468.0,28215.0,4650.063763,M,Suburban,26
3157,Sports Car,Basic,Offer1,Employed,Married,College,1,117.0,466.318191,34640.0,4530.530663,M,Urban,54
5648,SUV,Basic,Offer2,Employed,Divorced,High School or Below,5,113.0,542.4,58480.0,8861.482361,F,Suburban,35
5421,Four-Door Car,Basic,Offer1,Employed,Single,Bachelor,2,65.0,245.661376,44667.0,7583.141211,F,Urban,53
2887,Two-Door Car,Basic,Offer1,Employed,Married,Bachelor,9,61.0,223.305224,51144.0,4768.955924,M,Urban,32
3135,Four-Door Car,Extended,Offer2,Employed,Married,High School or Below,1,85.0,10.168824,59662.0,3410.199334,F,Rural,76
5056,Four-Door Car,Basic,Offer4,Employed,Married,High School or Below,4,66.0,65.425125,60861.0,5216.914471,M,Rural,82
572,Four-Door Car,Basic,Offer2,Employed,Married,Bachelor,2,67.0,284.000172,71391.0,8044.872393,M,Urban,39
831,Four-Door Car,Extended,Offer3,Employed,Single,Bachelor,1,89.0,221.359492,69152.0,3319.620511,M,Rural,83
4241,Four-Door Car,Basic,Offer2,Employed,Married,College,2,62.0,124.463095,52130.0,7413.422501,F,Rural,54
4474,Sports Car,Basic,Offer1,Employed,Married,Doctor,1,112.0,425.423198,52957.0,4530.385427,F,Urban,92
1731,Two-Door Car,Basic,Offer1,Employed,Married,Bachelor,2,64.0,282.146354,77642.0,7710.912153,M,Urban,14
2617,Two-Door Car,Basic,Offer4,Employed,Married,Bachelor,2,65.0,390.792553,63568.0,7776.835189,M,Suburban,5
4395,Four-Door Car,Basic,Offer2,Employed,Single,College,2,64.0,394.582401,41045.0,7396.719746,M,Suburban,28
3566,Four-Door Car,Basic,Offer3,Employed,Divorced,College,2,64.0,91.391245,39815.0,7492.055949,F,Rural,68
5397,Four-Door Car,Basic,Offer2,Disabled,Married,Bachelor,1,61.0,439.2,17870.0,2392.10789,F,Suburban,91
4000,Four-Door Car,Basic,Offer3,Employed,Married,College,2,70.0,336.0,95419.0,8268.272933,M,Suburban,61
1117,Two-Door Car,Basic,Offer3,Employed,Married,Bachelor,3,71.0,10.42277,83073.0,5706.955563,M,Rural,46
2516,Four-Door Car,Extended,Offer1,Medical Leave,Married,Bachelor,7,79.0,379.2,16654.0,6106.941981,F,Suburban,31
2018,Four-Door Car,Extended,Offer2,Employed,Married,Doctor,7,89.0,181.287697,61233.0,7124.202899,F,Rural,50
450,Two-Door Car,Extended,Offer2,Employed,Married,Master,2,87.0,119.630789,28935.0,20631.15177,M,Rural,93
5331,Four-Door Car,Extended,Offer2,Disabled,Single,College,1,96.0,460.8,26156.0,3527.398513,F,Suburban,50
313,Four-Door Car,Extended,Offer2,Employed,Divorced,Doctor,1,88.0,91.834668,30817.0,3436.134281,M,Rural,43
4827,Four-Door Car,Premium,Offer3,Employed,Married,High School or Below,3,118.0,1265.570302,69442.0,9339.341599,M,Suburban,6
4639,Luxury Car,Extended,Offer2,Employed,Married,College,1,239.0,115.166422,86054.0,9664.330983,F,Rural,11
3670,Luxury Car,Basic,Offer1,Employed,Single,High School or Below,3,189.0,907.2,36670.0,14708.99565,M,Suburban,44
2469,Four-Door Car,Basic,Offer4,Employed,Married,High School or Below,3,63.0,305.603239,70999.0,5059.987477,M,Suburban,70
5488,Four-Door Car,Extended,Offer1,Employed,Divorced,High School or Below,2,99.0,319.105565,46546.0,27890.0576,F,Urban,64
5040,SUV,Basic,Offer1,Employed,Divorced,College,2,119.0,571.2,31794.0,14137.23043,F,Suburban,16
2895,Two-Door Car,Basic,Offer2,Employed,Married,College,7,63.0,108.138715,48328.0,5012.083744,M,Rural,12
4865,SUV,Basic,Offer4,Employed,Married,College,2,103.0,237.896227,29431.0,12128.4467,M,Rural,35
5106,Four-Door Car,Extended,Offer4,Employed,Divorced,Master,7,81.0,123.576765,46648.0,6418.24871,M,Rural,26
4615,SUV,Basic,Offer1,Employed,Married,Master,2,103.0,155.125923,83013.0,12584.00638,M,Rural,75
955,SUV,Basic,Offer2,Employed,Married,College,1,108.0,112.660916,75648.0,4349.30875,F,Rural,10
3762,Four-Door Car,Premium,Offer3,Employed,Married,Bachelor,2,111.0,170.559281,37449.0,12898.59142,M,Rural,69
369,SUV,Premium,Offer2,Employed,Married,High School or Below,5,154.0,739.2,60774.0,12269.41862,M,Suburban,7
1419,Four-Door Car,Basic,Offer1,Employed,Married,College,5,72.0,293.86579,31320.0,5785.223477,M,Urban,95
2106,Two-Door Car,Basic,Offer1,Disabled,Married,Doctor,4,61.0,292.8,29950.0,4878.829713,F,Suburban,76
3810,Two-Door Car,Basic,Offer1,Employed,Divorced,Master,2,74.0,87.990528,56070.0,20498.83124,M,Rural,73
2745,Luxury SUV,Basic,Offer4,Employed,Married,Master,6,191.0,554.926724,72026.0,15485.80378,F,Urban,72
1017,SUV,Basic,Offer2,Employed,Married,College,1,104.0,499.2,28506.0,4089.429492,M,Suburban,37
2977,Four-Door Car,Basic,Offer2,Employed,Married,Master,2,71.0,340.8,41459.0,14333.92489,M,Suburban,4
3851,Two-Door Car,Extended,Offer4,Employed,Married,High School or Below,1,79.0,244.23135,21235.0,3102.789546,F,Urban,56
2368,Four-Door Car,Basic,Offer3,Employed,Married,High School or Below,1,66.0,316.8,86321.0,2666.05454,F,Suburban,25
5104,Four-Door Car,Extended,Offer2,Employed,Single,Master,1,78.0,143.747794,58850.0,3133.503432,F,Rural,26
3334,Four-Door Car,Basic,Offer2,Employed,Married,Bachelor,2,73.0,350.4,94132.0,26538.57925,F,Suburban,68
2474,SUV,Basic,Offer3,Employed,Single,College,2,104.0,707.430832,48412.0,28685.82785,F,Suburban,23
3831,Four-Door Car,Basic,Offer4,Employed,Married,High School or Below,1,68.0,326.4,66900.0,2729.126448,F,Suburban,20
5659,Two-Door Car,Basic,Offer1,Retired,Divorced,College,8,71.0,697.798804,10787.0,4995.1712,F,Suburban,25
3112,Two-Door Car,Basic,Offer2,Employed,Married,College,1,70.0,137.168874,40516.0,2795.410029,F,Rural,31
2113,Two-Door Car,Extended,Offer2,Employed,Single,Bachelor,6,90.0,428.907968,75838.0,7189.106255,F,Urban,64
4437,Four-Door Car,Extended,Offer4,Employed,Married,High School or Below,1,83.0,167.39959,63583.0,3314.55133,F,Rural,8
1751,SUV,Basic,Offer3,Employed,Divorced,Bachelor,1,113.0,497.047297,61953.0,4416.206243,M,Urban,63
5241,Two-Door Car,Basic,Offer1,Employed,Single,Doctor,2,73.0,236.614219,97785.0,14727.50526,F,Urban,36
490,Four-Door Car,Extended,Offer2,Employed,Single,Bachelor,3,85.0,408.0,77001.0,6768.997027,F,Suburban,58
3344,SUV,Basic,Offer1,Retired,Single,Bachelor,2,119.0,571.2,23909.0,21569.33731,M,Suburban,86
3872,Two-Door Car,Basic,Offer1,Employed,Married,High School or Below,7,74.0,421.19002,29227.0,5897.555427,F,Suburban,83
2256,Sports Car,Basic,Offer2,Employed,Married,Master,5,113.0,434.09776,90804.0,9122.92563,M,Urban,67
1004,Two-Door Car,Premium,Offer1,Employed,Married,Master,2,119.0,109.906628,60880.0,14435.67365,M,Rural,89
5193,Four-Door Car,Basic,Offer2,Employed,Married,College,1,61.0,181.218317,20484.0,2389.310128,F,Urban,89
215,Four-Door Car,Premium,Offer4,Employed,Married,High School or Below,2,104.0,640.584145,27607.0,28511.03331,M,Suburban,56
5130,Four-Door Car,Extended,Offer3,Employed,Single,High School or Below,1,92.0,495.750669,31727.0,3536.64749,F,Suburban,95
4283,Two-Door Car,Basic,Offer3,Employed,Married,High School or Below,2,61.0,292.8,34398.0,9613.613215,M,Suburban,18
1354,Four-Door Car,Basic,Offer2,Disabled,Divorced,College,9,69.0,378.345883,25237.0,5205.751205,F,Suburban,52
2466,Four-Door Car,Basic,Offer4,Employed,Married,College,1,67.0,320.629479,60060.0,2690.477161,F,Urban,12
2980,Four-Door Car,Extended,Offer1,Disabled,Single,Bachelor,1,85.0,422.765363,22076.0,3106.48254,M,Suburban,53
3854,SUV,Basic,Offer3,Employed,Married,High School or Below,4,102.0,254.83769,93715.0,8131.779152,F,Rural,43
3117,SUV,Premium,Offer4,Employed,Married,Master,1,199.0,955.2,54702.0,8019.856041,F,Suburban,42
3577,Four-Door Car,Basic,Offer2,Employed,Married,High School or Below,1,70.0,336.0,68463.0,2772.502139,M,Suburban,67
2461,Four-Door Car,Extended,Offer3,Employed,Married,High School or Below,1,84.0,93.623377,73268.0,3387.203337,F,Rural,18
4106,Two-Door Car,Basic,Offer1,Employed,Married,Bachelor,2,74.0,68.647736,42191.0,17732.46488,F,Rural,43
666,Four-Door Car,Premium,Offer3,Employed,Married,Bachelor,5,103.0,66.020788,39448.0,7993.003997,F,Rural,14
4912,Sports Car,Basic,Offer2,Medical Leave,Married,High School or Below,2,106.0,763.2,28879.0,12023.75062,M,Suburban,9
1437,Sports Car,Basic,Offer3,Employed,Married,College,7,107.0,50.473675,91147.0,8563.968057,M,Rural,79
1007,Four-Door Car,Basic,Offer3,Retired,Divorced,Bachelor,1,71.0,340.8,13424.0,2611.14858,F,Suburban,78
612,Two-Door Car,Basic,Offer1,Disabled,Single,College,3,65.0,312.0,18024.0,4657.159469,M,Suburban,1
3110,Four-Door Car,Basic,Offer2,Employed,Married,College,1,70.0,310.744656,43775.0,2803.796963,F,Urban,42
2922,Two-Door Car,Extended,Offer4,Employed,Married,High School or Below,1,96.0,156.429591,66169.0,3790.190029,M,Rural,30
4303,Two-Door Car,Basic,Offer3,Employed,Married,Master,1,68.0,315.353519,43386.0,2731.39917,F,Urban,79
470,Four-Door Car,Extended,Offer2,Employed,Married,Master,1,93.0,391.210704,85751.0,3768.371028,F,Urban,3
4765,SUV,Extended,Offer1,Employed,Divorced,Bachelor,1,133.0,402.070719,89284.0,5170.358435,M,Urban,62
3741,Four-Door Car,Extended,Offer4,Medical Leave,Divorced,College,2,92.0,441.6,19592.0,9927.049694,M,Suburban,63
147,Four-Door Car,Basic,Offer2,Employed,Married,Bachelor,1,62.0,7.646763,29486.0,2457.440923,F,Rural,73
60,Four-Door Car,Basic,Offer4,Medical Leave,Married,College,1,72.0,345.6,20567.0,2449.128459,M,Suburban,76
4158,Four-Door Car,Basic,Offer1,Employed,Divorced,High School or Below,7,65.0,177.211626,35832.0,5043.801276,M,Urban,44
425,Two-Door Car,Extended,Offer4,Employed,Married,Bachelor,1,95.0,614.367195,43334.0,3633.05403,M,Suburban,72
554,Four-Door Car,Basic,Offer1,Employed,Divorced,Bachelor,2,67.0,200.54531,75988.0,7930.602564,M,Urban,40
3215,Sports Car,Extended,Offer3,Disabled,Married,Bachelor,1,128.0,614.4,21497.0,4983.178714,M,Suburban,58
3322,Four-Door Car,Basic,Offer3,Employed,Married,College,1,74.0,97.928632,80590.0,2981.549197,M,Rural,3
3644,Four-Door Car,Basic,Offer3,Employed,Married,High School or Below,3,63.0,302.4,76448.0,5111.304579,F,Suburban,13
4608,SUV,Basic,Offer2,Employed,Single,High School or Below,1,103.0,674.973614,25927.0,3933.813993,M,Suburban,20
4458,Four-Door Car,Basic,Offer1,Disabled,Married,Bachelor,1,67.0,82.811346,28898.0,2531.586761,M,Rural,85
4167,Four-Door Car,Basic,Offer1,Employed,Single,Bachelor,1,65.0,284.492531,44940.0,2570.433324,F,Urban,67
2786,Two-Door Car,Extended,Offer1,Employed,Married,College,3,85.0,408.0,96832.0,6864.647514,F,Suburban,23
1939,Four-Door Car,Extended,Offer3,Employed,Married,College,1,84.0,150.688024,46644.0,3355.528168,F,Rural,19
3353,Four-Door Car,Extended,Offer1,Employed,Married,High School or Below,6,94.0,287.149807,47406.0,7421.593541,F,Urban,96
4568,Four-Door Car,Extended,Offer1,Employed,Married,High School or Below,2,86.0,412.8,48999.0,10097.68732,F,Suburban,65
199,Luxury Car,Extended,Offer2,Employed,Married,College,2,209.0,1003.2,21988.0,41075.42879,M,Suburban,62
1871,SUV,Basic,Offer3,Employed,Married,Bachelor,4,115.0,483.62724,57052.0,9268.672154,F,Urban,56
345,SUV,Basic,Offer3,Employed,Married,Bachelor,2,115.0,244.086665,51437.0,22754.66137,M,Rural,30
2932,Two-Door Car,Basic,Offer2,Employed,Divorced,College,3,63.0,378.695238,26480.0,4858.429375,F,Suburban,17
269,Two-Door Car,Basic,Offer2,Employed,Married,High School or Below,1,61.0,114.273025,95697.0,2471.528431,M,Rural,55
1226,Four-Door Car,Basic,Offer3,Employed,Married,Master,1,68.0,407.68374,74608.0,2727.682464,M,Suburban,4
5,SUV,Basic,Offer2,Employed,Married,Bachelor,8,107.0,85.063708,94389.0,8649.700578,F,Rural,76
4819,Four-Door Car,Basic,Offer1,Employed,Single,College,1,67.0,80.119997,33124.0,2552.913868,M,Rural,7
4198,SUV,Basic,Offer4,Employed,Married,High School or Below,5,117.0,561.6,37388.0,9192.592887,M,Suburban,21
4884,SUV,Basic,Offer1,Employed,Married,College,9,112.0,327.682669,91025.0,9057.935331,F,Urban,37
320,Four-Door Car,Extended,Offer1,Employed,Married,Bachelor,3,89.0,50.528355,88891.0,7255.953792,F,Rural,56
62,SUV,Extended,Offer3,Employed,Divorced,High School or Below,2,133.0,638.4,45302.0,16007.94954,F,Suburban,34
3696,SUV,Basic,Offer2,Employed,Married,High School or Below,2,100.0,444.530425,31157.0,23554.392,M,Urban,49
2042,Luxury SUV,Extended,Offer2,Employed,Married,Bachelor,8,248.0,632.944366,60420.0,19896.42226,F,Urban,74
3676,Four-Door Car,Extended,Offer2,Employed,Single,College,9,77.0,31.668965,82399.0,6045.625114,F,Rural,15
2998,Two-Door Car,Basic,Offer4,Employed,Married,High School or Below,1,70.0,242.491357,34927.0,2787.539793,M,Urban,2
1001,SUV,Basic,Offer2,Employed,Married,Master,2,110.0,427.723646,58645.0,22118.81261,M,Urban,44
4346,Two-Door Car,Extended,Offer4,Employed,Married,High School or Below,2,88.0,205.169178,77627.0,10552.87837,M,Rural,38
2081,SUV,Basic,Offer2,Employed,Married,High School or Below,1,112.0,109.28708,92921.0,4526.94696,F,Rural,49
264,SUV,Basic,Offer1,Medical Leave,Married,Master,9,109.0,132.588288,17780.0,8375.353929,F,Rural,18
3308,Two-Door Car,Extended,Offer2,Employed,Married,College,5,93.0,7.345946,70263.0,7462.926263,F,Rural,66
2359,Four-Door Car,Basic,Offer1,Employed,Single,High School or Below,2,65.0,338.619869,33345.0,7375.567916,M,Suburban,52
2598,Four-Door Car,Basic,Offer2,Employed,Divorced,High School or Below,8,61.0,156.921247,57135.0,4762.591249,M,Urban,47
877,Four-Door Car,Extended,Offer2,Employed,Single,High School or Below,2,87.0,987.122788,20009.0,9688.334578,M,Suburban,86
2087,Four-Door Car,Basic,Offer2,Employed,Married,High School or Below,3,70.0,425.800112,73168.0,5639.941974,M,Suburban,50
4897,Luxury SUV,Extended,Offer1,Employed,Single,High School or Below,2,220.0,2552.343856,51504.0,43217.21611,M,Suburban,99
5403,Two-Door Car,Basic,Offer2,Employed,Married,College,9,61.0,236.907007,45515.0,4786.889347,M,Urban,33
2799,Four-Door Car,Basic,Offer1,Employed,Married,High School or Below,1,67.0,321.6,22398.0,2590.096027,M,Suburban,76
5124,SUV,Basic,Offer4,Employed,Married,High School or Below,3,103.0,411.228571,62375.0,8253.266591,F,Urban,71
5219,Four-Door Car,Basic,Offer3,Employed,Married,College,3,72.0,463.21435,29730.0,5728.581037,F,Suburban,76
2288,Four-Door Car,Extended,Offer2,Employed,Married,Bachelor,1,89.0,245.308491,65773.0,3452.414955,F,Urban,35
228,Four-Door Car,Premium,Offer2,Employed,Married,High School or Below,9,113.0,542.4,34337.0,9035.671134,F,Suburban,44
1198,Four-Door Car,Basic,Offer2,Employed,Single,High School or Below,8,64.0,307.2,81182.0,5168.152276,F,Suburban,45
2872,Four-Door Car,Extended,Offer4,Employed,Married,College,1,90.0,432.0,35695.0,3543.232138,M,Suburban,7
4661,Four-Door Car,Extended,Offer2,Employed,Married,College,1,96.0,513.306893,20217.0,3796.547659,F,Suburban,30
448,Four-Door Car,Basic,Offer4,Employed,Married,College,3,64.0,165.002742,85522.0,5126.836814,M,Urban,56
5270,SUV,Basic,Offer1,Retired,Divorced,College,3,115.0,656.775467,15630.0,7980.304624,F,Suburban,60
5132,Four-Door Car,Basic,Offer2,Employed,Married,High School or Below,4,69.0,327.647322,95284.0,5603.73932,F,Urban,35
4486,Four-Door Car,Basic,Offer2,Employed,Married,High School or Below,6,63.0,225.558918,78735.0,5064.127663,M,Urban,53
3211,Four-Door Car,Extended,Offer1,Medical Leave,Single,College,7,85.0,408.0,29539.0,6300.440231,F,Suburban,83
3366,Four-Door Car,Basic,Offer4,Employed,Married,Doctor,1,66.0,84.218363,72450.0,2678.058299,F,Rural,58
3536,Four-Door Car,Extended,Offer2,Employed,Divorced,High School or Below,8,93.0,377.422029,98235.0,7446.812516,F,Urban,68
3090,Two-Door Car,Premium,Offer1,Employed,Married,Bachelor,6,103.0,224.159416,85478.0,8295.837442,F,Rural,15
1325,Two-Door Car,Extended,Offer3,Employed,Single,Bachelor,1,76.0,218.374041,83873.0,2971.919417,F,Urban,36
557,Luxury SUV,Extended,Offer4,Employed,Married,High School or Below,4,223.0,937.327881,80991.0,17995.86532,F,Urban,56
562,Luxury Car,Basic,Offer4,Employed,Single,High School or Below,1,188.0,1353.6,82157.0,7531.697272,M,Suburban,33
2665,Four-Door Car,Premium,Offer3,Employed,Married,Bachelor,8,109.0,60.151529,52717.0,8679.838135,F,Rural,60
5297,Two-Door Car,Basic,Offer2,Disabled,Married,College,1,61.0,49.014822,21564.0,2336.286633,F,Rural,61
3615,Four-Door Car,Extended,Offer1,Employed,Single,Bachelor,3,76.0,364.8,43676.0,5913.305869,M,Suburban,7
466,SUV,Basic,Offer1,Employed,Married,College,2,114.0,432.409662,89771.0,36516.0456,M,Urban,83
590,Four-Door Car,Basic,Offer1,Employed,Divorced,Bachelor,2,74.0,136.829537,89689.0,8972.140307,M,Rural,4
8,Four-Door Car,Basic,Offer2,Employed,Married,Bachelor,5,65.0,264.563772,36615.0,5243.828046,F,Urban,7
3228,Four-Door Car,Basic,Offer2,Employed,Married,Bachelor,1,64.0,91.146661,72217.0,2549.786069,M,Rural,15
4846,Four-Door Car,Extended,Offer1,Disabled,Single,Bachelor,3,85.0,376.126419,23712.0,6183.111464,M,Urban,20
4585,Two-Door Car,Extended,Offer1,Employed,Divorced,High School or Below,1,99.0,475.2,38096.0,3963.40327,M,Suburban,28
4914,Four-Door Car,Basic,Offer3,Employed,Married,College,1,72.0,240.241499,31591.0,2764.802284,F,Urban,65
2208,Four-Door Car,Premium,Offer2,Employed,Married,Master,1,114.0,376.002146,81883.0,4654.582368,F,Urban,40
632,Four-Door Car,Extended,Offer3,Employed,Married,Bachelor,3,99.0,699.517349,70061.0,7996.597066,F,Suburban,57
1884,Two-Door Car,Basic,Offer3,Employed,Married,College,1,73.0,350.4,29242.0,2837.163399,M,Suburban,23
4790,Four-Door Car,Premium,Offer2,Employed,Divorced,Bachelor,3,109.0,239.905208,99517.0,8743.852187,F,Rural,93
4550,SUV,Basic,Offer4,Employed,Married,High School or Below,3,112.0,573.941286,76514.0,9028.307862,M,Suburban,0
1484,Two-Door Car,Basic,Offer2,Employed,Married,Bachelor,1,71.0,340.8,26790.0,2810.464447,M,Suburban,41
735,Four-Door Car,Extended,Offer1,Medical Leave,Married,High School or Below,1,98.0,470.4,22439.0,3766.366587,F,Suburban,63
168,Four-Door Car,Extended,Offer1,Employed,Married,High School or Below,3,76.0,364.8,97658.0,6159.011684,F,Suburban,82
4352,Four-Door Car,Premium,Offer2,Employed,Divorced,High School or Below,3,101.0,316.111035,95191.0,8024.508444,M,Urban,15
5249,Four-Door Car,Basic,Offer3,Employed,Married,College,2,62.0,445.361629,27984.0,7275.921106,M,Suburban,51
614,Four-Door Car,Extended,Offer4,Employed,Married,College,1,85.0,367.577872,98278.0,3439.089657,F,Urban,60
1548,Two-Door Car,Basic,Offer2,Employed,Married,Master,3,63.0,94.030308,89879.0,5123.170887,F,Rural,20
4592,Two-Door Car,Extended,Offer4,Employed,Married,High School or Below,1,91.0,436.8,50755.0,3618.686938,M,Suburban,25
1771,Two-Door Car,Extended,Offer2,Employed,Married,Master,2,94.0,107.187926,73359.0,30154.68108,M,Rural,24
3234,Four-Door Car,Basic,Offer3,Employed,Divorced,High School or Below,1,63.0,362.51794,69259.0,2535.223185,F,Suburban,30
5440,Four-Door Car,Basic,Offer1,Medical Leave,Married,College,1,67.0,333.138214,19637.0,2521.161048,F,Suburban,30
2769,Two-Door Car,Basic,Offer1,Disabled,Divorced,Master,3,68.0,268.1726,12940.0,5130.823951,M,Urban,36
5592,Four-Door Car,Basic,Offer4,Employed,Married,High School or Below,1,72.0,66.667784,45128.0,2906.893312,F,Rural,34
5406,Four-Door Car,Basic,Offer2,Employed,Single,Master,1,63.0,46.278027,60546.0,2505.42043,F,Rural,71
2621,Four-Door Car,Basic,Offer1,Employed,Married,College,6,73.0,268.819985,97413.0,5904.088162,F,Urban,80
109,Two-Door Car,Premium,Offer4,Employed,Single,Master,1,110.0,44.284642,26245.0,4271.200049,F,Rural,43
5047,SUV,Basic,Offer3,Employed,Married,Doctor,5,117.0,228.049424,99443.0,9189.518267,M,Rural,6
1638,SUV,Basic,Offer3,Employed,Married,College,9,113.0,370.285349,63878.0,9120.065162,F,Urban,47
4345,SUV,Extended,Offer4,Employed,Married,High School or Below,1,132.0,199.590599,97742.0,5352.18703,F,Rural,52
4415,Four-Door Car,Extended,Offer1,Employed,Married,College,7,79.0,379.2,88663.0,6382.047596,F,Suburban,86
918,Four-Door Car,Basic,Offer1,Employed,Married,Bachelor,2,68.0,250.416569,52009.0,8010.968982,M,Urban,29
1644,Four-Door Car,Basic,Offer2,Employed,Married,Master,2,73.0,137.195447,53228.0,8849.689719,M,Rural,33
5133,Four-Door Car,Premium,Offer1,Employed,Married,Bachelor,2,109.0,451.566751,34148.0,12883.81001,M,Urban,30
1797,SUV,Premium,Offer1,Employed,Married,High School or Below,7,178.0,854.4,74871.0,14517.43681,F,Suburban,15
3458,Two-Door Car,Basic,Offer1,Employed,Single,Bachelor,5,72.0,61.536107,99747.0,5687.897911,M,Rural,87
4337,Four-Door Car,Basic,Offer2,Employed,Married,College,1,67.0,91.914969,58166.0,2685.901421,F,Rural,19
2514,Four-Door Car,Basic,Offer4,Employed,Married,High School or Below,1,68.0,11.451889,48039.0,2726.392968,F,Rural,37
3978,Sports Car,Extended,Offer1,Medical Leave,Married,Bachelor,2,122.0,878.4,22854.0,36860.90798,M,Suburban,53
1196,SUV,Extended,Offer2,Employed,Married,High School or Below,2,122.0,354.55391,74300.0,19483.24011,M,Urban,38
2853,Sports Car,Basic,Offer1,Employed,Divorced,College,2,115.0,86.27772,55761.0,18269.27017,F,Rural,73
5415,Sports Car,Extended,Offer4,Employed,Married,High School or Below,2,129.0,619.2,31267.0,40636.66734,M,Suburban,45
1306,Four-Door Car,Basic,Offer4,Employed,Married,High School or Below,2,68.0,118.810361,86876.0,8139.525579,M,Rural,3
4925,SUV,Basic,Offer3,Employed,Single,Bachelor,3,112.0,537.6,28743.0,8716.368952,F,Suburban,13
107,Two-Door Car,Basic,Offer2,Employed,Married,Doctor,2,63.0,142.205246,47725.0,15119.55539,M,Rural,66
3981,Two-Door Car,Basic,Offer2,Employed,Married,Bachelor,1,70.0,459.743736,75277.0,2753.159194,F,Suburban,48
1270,Four-Door Car,Basic,Offer1,Employed,Married,College,1,70.0,139.489926,38977.0,2821.947219,F,Rural,22
2800,Four-Door Car,Extended,Offer2,Employed,Single,College,1,80.0,576.0,54420.0,3115.704933,M,Suburban,0
1720,Four-Door Car,Extended,Offer1,Retired,Divorced,High School or Below,4,84.0,604.8,12201.0,6071.907243,F,Suburban,63
2356,SUV,Basic,Offer1,Employed,Single,Master,3,118.0,31.58501,76847.0,9409.143498,M,Rural,52
720,SUV,Basic,Offer3,Retired,Single,College,1,111.0,537.391704,28321.0,4130.628776,F,Suburban,32
4405,Luxury Car,Basic,Offer3,Employed,Married,Bachelor,1,185.0,579.467191,37511.0,7098.017093,M,Urban,93
4669,Two-Door Car,Premium,Offer2,Employed,Married,High School or Below,3,113.0,210.100003,61374.0,9002.117386,M,Rural,27
2345,Four-Door Car,Premium,Offer1,Employed,Married,Bachelor,3,113.0,82.427785,99368.0,9124.600015,M,Rural,6
3169,Four-Door Car,Extended,Offer1,Employed,Married,Bachelor,2,85.0,35.278648,97268.0,17002.02246,M,Rural,88
4100,Four-Door Car,Basic,Offer3,Employed,Married,Master,6,61.0,292.8,40463.0,4944.240345,M,Suburban,21
3775,Two-Door Car,Basic,Offer3,Employed,Married,College,1,62.0,54.961039,50632.0,2483.642397,F,Rural,42
83,SUV,Basic,Offer1,Employed,Married,College,1,118.0,566.4,58089.0,4686.469674,M,Suburban,83
983,Four-Door Car,Extended,Offer3,Employed,Divorced,Bachelor,3,92.0,601.455036,67780.0,7284.363465,F,Suburban,72
5204,Four-Door Car,Basic,Offer4,Employed,Single,High School or Below,2,69.0,331.2,50941.0,10551.1476,M,Suburban,46
5063,Luxury Car,Extended,Offer1,Employed,Married,Master,8,225.0,358.281562,35704.0,18042.47942,M,Rural,35
2367,Two-Door Car,Basic,Offer1,Employed,Married,Bachelor,1,69.0,288.295744,42585.0,2751.365822,F,Urban,44
3601,SUV,Extended,Offer2,Employed,Married,College,1,125.0,723.301363,61987.0,5021.150845,F,Suburban,4
5587,Sports Car,Premium,Offer2,Employed,Married,High School or Below,1,177.0,161.537767,74298.0,7095.134789,F,Rural,81
913,Four-Door Car,Basic,Offer4,Employed,Married,College,3,63.0,25.478179,62271.0,5029.671927,F,Rural,52
214,SUV,Basic,Offer1,Employed,Divorced,College,1,118.0,566.4,39187.0,4563.018085,F,Suburban,43
378,Two-Door Car,Extended,Offer2,Employed,Married,Bachelor,6,96.0,469.030907,27293.0,7614.137981,M,Suburban,55
3000,Four-Door Car,Basic,Offer2,Employed,Married,Doctor,1,61.0,111.865326,28519.0,2432.958093,F,Rural,94
4090,Two-Door Car,Premium,Offer3,Employed,Married,High School or Below,2,108.0,750.082794,40117.0,12692.67092,M,Suburban,55
858,Two-Door Car,Basic,Offer1,Employed,Married,High School or Below,9,67.0,321.6,32653.0,5271.982116,M,Suburban,25
3724,Two-Door Car,Extended,Offer1,Disabled,Divorced,Bachelor,8,89.0,111.836561,21156.0,6540.204626,M,Rural,32
2362,Four-Door Car,Extended,Offer4,Employed,Divorced,College,2,83.0,108.69654,75638.0,9429.080755,F,Rural,52
4985,SUV,Premium,Offer4,Employed,Married,High School or Below,2,148.0,710.4,23031.0,35227.29912,F,Suburban,76
4113,Four-Door Car,Basic,Offer2,Employed,Married,High School or Below,1,67.0,55.394702,79292.0,2700.985899,M,Rural,58
336,Four-Door Car,Basic,Offer3,Employed,Married,Bachelor,4,72.0,345.6,27048.0,5697.175238,F,Suburban,85
1212,SUV,Basic,Offer1,Employed,Married,College,4,115.0,552.0,71888.0,9215.541928,F,Suburban,33
1568,Four-Door Car,Basic,Offer1,Employed,Married,College,1,61.0,351.149904,51808.0,2417.759961,F,Suburban,12
2265,Four-Door Car,Premium,Offer1,Employed,Married,College,3,116.0,392.826082,37399.0,9199.388961,M,Urban,22
1384,Two-Door Car,Basic,Offer1,Disabled,Divorced,Bachelor,3,64.0,374.8996,19096.0,4883.551402,F,Suburban,5
4177,SUV,Extended,Offer2,Employed,Single,Master,1,137.0,209.504391,54817.0,5351.853544,M,Rural,28
2851,SUV,Extended,Offer1,Disabled,Married,Master,1,139.0,516.237951,10511.0,5346.916576,F,Urban,64
1839,Two-Door Car,Premium,Offer1,Employed,Married,College,2,102.0,489.6,88340.0,12280.76661,M,Suburban,1
2753,Four-Door Car,Basic,Offer1,Medical Leave,Married,High School or Below,2,65.0,312.0,27558.0,7568.85152,F,Suburban,48
1263,Sports Car,Extended,Offer3,Employed,Married,High School or Below,2,136.0,98.086192,21206.0,16256.80661,F,Rural,9
2772,Two-Door Car,Basic,Offer2,Employed,Married,College,5,62.0,400.959425,62803.0,4957.033603,F,Suburban,12
499,Four-Door Car,Premium,Offer1,Employed,Divorced,College,9,101.0,484.8,26118.0,7974.949597,F,Suburban,2
3986,SUV,Basic,Offer1,Employed,Married,Bachelor,1,109.0,523.2,48054.0,4344.524462,F,Suburban,64
368,SUV,Extended,Offer1,Employed,Married,High School or Below,1,139.0,545.291103,51705.0,5555.492159,F,Urban,79
1081,Two-Door Car,Extended,Offer2,Employed,Married,Bachelor,7,86.0,568.58486,32787.0,6807.271588,M,Suburban,86
3733,SUV,Basic,Offer1,Employed,Married,Bachelor,1,118.0,133.907696,78596.0,4742.617289,F,Rural,70
5490,Two-Door Car,Extended,Offer2,Employed,Married,High School or Below,9,95.0,661.008979,76516.0,7588.35586,M,Suburban,15
3746,Four-Door Car,Extended,Offer4,Employed,Single,College,2,95.0,76.175672,29815.0,10960.93667,F,Rural,18
3328,Four-Door Car,Basic,Offer4,Employed,Married,High School or Below,3,65.0,6.07744,65375.0,5214.971007,M,Rural,84
2153,Four-Door Car,Basic,Offer2,Employed,Married,High School or Below,4,72.0,438.149129,72032.0,5864.381825,F,Suburban,73
4614,Four-Door Car,Basic,Offer1,Employed,Married,High School or Below,2,71.0,466.176731,51179.0,8547.586142,F,Suburban,25
2573,Four-Door Car,Basic,Offer3,Employed,Divorced,Master,3,64.0,98.480884,40215.0,5066.827444,F,Rural,22
2439,Four-Door Car,Premium,Offer1,Medical Leave,Divorced,College,1,101.0,313.885191,16476.0,3707.282365,F,Urban,25
3034,Four-Door Car,Extended,Offer3,Employed,Married,College,3,84.0,403.2,32918.0,6631.665538,M,Suburban,69
1628,SUV,Basic,Offer1,Medical Leave,Married,High School or Below,8,116.0,804.130779,13908.0,8558.038795,M,Suburban,74
3641,Four-Door Car,Basic,Offer4,Employed,Married,High School or Below,6,73.0,100.620067,85857.0,5879.176092,M,Rural,19
138,SUV,Basic,Offer4,Employed,Married,Master,1,111.0,459.738128,94656.0,4479.023088,M,Urban,79
5318,Four-Door Car,Basic,Offer4,Employed,Married,Doctor,6,67.0,321.6,59601.0,5368.887709,M,Suburban,2
4348,Two-Door Car,Basic,Offer1,Employed,Divorced,Bachelor,8,74.0,355.2,88723.0,5981.381645,F,Suburban,94
1985,Two-Door Car,Premium,Offer2,Employed,Married,High School or Below,2,116.0,481.265179,60233.0,23208.39416,F,Urban,63
5396,Two-Door Car,Extended,Offer2,Employed,Divorced,High School or Below,1,94.0,354.081091,82189.0,3748.99343,M,Urban,17
5497,Four-Door Car,Basic,Offer2,Employed,Married,Master,5,66.0,48.936563,43318.0,5261.101863,M,Rural,28
3819,Two-Door Car,Basic,Offer2,Employed,Married,Bachelor,1,63.0,453.6,72202.0,2557.585549,M,Suburban,13
2225,Sports Car,Basic,Offer3,Employed,Married,College,1,103.0,558.835255,32180.0,4095.201692,F,Suburban,28
5245,Sports Car,Basic,Offer2,Employed,Married,High School or Below,3,115.0,660.136987,42600.0,9233.19066,F,Suburban,78
947,Four-Door Car,Extended,Offer2,Employed,Divorced,Bachelor,1,82.0,544.340079,61638.0,3167.888725,M,Suburban,55
2527,Two-Door Car,Basic,Offer4,Disabled,Married,High School or Below,2,61.0,314.528138,15850.0,6945.016955,F,Suburban,14
1848,SUV,Basic,Offer1,Employed,Married,Bachelor,2,106.0,419.365958,73054.0,12741.84754,F,Urban,36
4408,SUV,Basic,Offer1,Employed,Divorced,High School or Below,1,109.0,523.2,86001.0,4358.762008,M,Suburban,27
197,Two-Door Car,Basic,Offer3,Medical Leave,Married,Bachelor,1,67.0,321.6,12222.0,2461.797738,F,Suburban,70
3483,Two-Door Car,Basic,Offer3,Medical Leave,Married,College,2,74.0,296.049396,16370.0,8467.267232,F,Urban,54
1931,Four-Door Car,Extended,Offer2,Employed,Married,Master,7,91.0,436.8,21841.0,7380.086414,F,Suburban,47
4291,Four-Door Car,Extended,Offer2,Employed,Divorced,College,1,78.0,374.4,33415.0,3095.803437,F,Suburban,44
2862,SUV,Premium,Offer1,Employed,Married,Bachelor,2,153.0,734.4,63035.0,49221.43073,F,Suburban,97
600,SUV,Basic,Offer1,Employed,Married,Bachelor,1,105.0,533.255723,57933.0,4209.682602,F,Suburban,64
1615,Four-Door Car,Basic,Offer3,Employed,Married,College,2,62.0,161.419528,58042.0,7425.870642,F,Urban,88
5632,SUV,Extended,Offer3,Employed,Married,Bachelor,5,133.0,638.4,20179.0,10598.54249,F,Suburban,0
3892,Two-Door Car,Basic,Offer2,Employed,Married,Bachelor,1,69.0,259.714887,88704.0,2780.845565,M,Urban,78
2373,Two-Door Car,Basic,Offer3,Employed,Divorced,College,7,69.0,102.147789,75963.0,5515.246935,F,Rural,23
355,SUV,Basic,Offer1,Medical Leave,Married,College,7,113.0,586.390393,20588.0,8653.302322,F,Suburban,86
5247,Four-Door Car,Extended,Offer2,Employed,Married,High School or Below,1,77.0,355.909266,77485.0,3109.007806,M,Urban,87
549,Two-Door Car,Basic,Offer1,Medical Leave,Married,College,9,67.0,307.801098,22338.0,5123.196814,F,Urban,37
677,SUV,Extended,Offer3,Employed,Married,College,6,127.0,227.916076,58703.0,9927.877699,F,Rural,26
2982,Four-Door Car,Basic,Offer2,Employed,Married,High School or Below,4,62.0,297.6,70828.0,5028.575209,M,Suburban,18
1316,Two-Door Car,Extended,Offer3,Employed,Married,Doctor,4,95.0,250.323257,66106.0,7638.442811,F,Urban,25
3053,Two-Door Car,Basic,Offer2,Employed,Married,High School or Below,5,72.0,196.977247,69512.0,5781.015999,F,Urban,62
2937,SUV,Premium,Offer1,Employed,Married,High School or Below,1,145.0,510.381882,85956.0,5846.114411,M,Urban,85
2189,Four-Door Car,Basic,Offer1,Employed,Married,Bachelor,9,66.0,188.870427,39268.0,5143.88351,M,Urban,96
4313,SUV,Basic,Offer2,Employed,Married,College,2,100.0,296.560998,32214.0,11793.12528,F,Urban,6
159,Four-Door Car,Basic,Offer3,Employed,Married,College,9,70.0,336.0,59782.0,5626.572446,F,Suburban,51
3080,Sports Car,Basic,Offer1,Employed,Married,Bachelor,2,105.0,355.114822,44341.0,12522.53868,F,Urban,56
3208,Four-Door Car,Basic,Offer1,Employed,Married,High School or Below,6,68.0,17.269323,36357.0,5363.076547,M,Rural,96
3096,SUV,Extended,Offer2,Employed,Married,Bachelor,2,128.0,587.409205,42570.0,15374.18296,F,Urban,52
3906,SUV,Extended,Offer1,Employed,Divorced,High School or Below,8,138.0,103.462381,91123.0,10883.78785,F,Rural,70
2037,Luxury Car,Extended,Offer4,Employed,Single,High School or Below,1,240.0,1152.0,60613.0,9366.816281,M,Suburban,52
615,Two-Door Car,Basic,Offer1,Employed,Married,Bachelor,8,66.0,456.702735,28909.0,5246.278375,F,Suburban,66
1769,Four-Door Car,Basic,Offer3,Employed,Married,Bachelor,2,66.0,316.8,32225.0,7851.349465,F,Suburban,90
5340,Two-Door Car,Basic,Offer3,Employed,Married,High School or Below,1,65.0,312.0,25506.0,2537.929538,M,Suburban,16
952,Two-Door Car,Basic,Offer2,Employed,Married,Bachelor,1,67.0,321.6,84895.0,2683.492593,M,Suburban,19
744,Four-Door Car,Premium,Offer1,Employed,Single,High School or Below,2,103.0,494.4,57449.0,12157.32992,M,Suburban,28
323,Four-Door Car,Basic,Offer1,Employed,Divorced,Master,5,73.0,19.626306,46133.0,5718.276608,M,Rural,78
210,Two-Door Car,Basic,Offer3,Employed,Married,Bachelor,4,66.0,243.766542,62470.0,5325.394799,M,Urban,84
1553,Four-Door Car,Basic,Offer1,Employed,Married,Bachelor,5,62.0,353.77899,33305.0,4908.207958,M,Suburban,12
4341,Four-Door Car,Extended,Offer3,Employed,Married,Bachelor,2,79.0,46.386546,42240.0,9486.596417,F,Rural,10
3537,Four-Door Car,Extended,Offer1,Employed,Married,College,1,85.0,541.093963,52782.0,3259.885006,M,Suburban,61
1302,Four-Door Car,Basic,Offer2,Employed,Single,College,4,71.0,42.43131,65985.0,4940.508153,M,Rural,47
255,SUV,Basic,Offer2,Employed,Married,High School or Below,3,100.0,844.229478,29066.0,7998.143771,F,Suburban,51
3280,Two-Door Car,Basic,Offer3,Employed,Married,Bachelor,1,64.0,209.596158,55257.0,2469.56901,F,Urban,77
916,Four-Door Car,Extended,Offer4,Employed,Married,College,1,80.0,529.490007,43499.0,3141.252909,M,Suburban,44
1832,Four-Door Car,Basic,Offer2,Employed,Married,Bachelor,2,68.0,87.803087,95241.0,8170.621997,F,Rural,12
1900,Four-Door Car,Basic,Offer1,Employed,Married,College,7,65.0,316.795337,63259.0,5233.986808,F,Suburban,14
2671,SUV,Basic,Offer2,Employed,Married,Bachelor,1,106.0,580.091966,36723.0,4171.300175,F,Suburban,18
4936,SUV,Premium,Offer2,Employed,Married,Bachelor,2,185.0,888.0,24964.0,58753.88046,F,Suburban,84
1069,SUV,Extended,Offer4,Employed,Married,College,1,126.0,601.983113,89703.0,5067.002561,M,Urban,54
933,Four-Door Car,Basic,Offer3,Employed,Married,College,2,68.0,305.121363,73245.0,8214.602384,F,Urban,48
5663,Four-Door Car,Basic,Offer1,Employed,Married,High School or Below,2,69.0,446.08476,30595.0,8114.409136,M,Suburban,36
631,Four-Door Car,Basic,Offer1,Employed,Married,College,9,72.0,345.6,52389.0,5659.139938,F,Suburban,8
747,Four-Door Car,Extended,Offer3,Employed,Divorced,High School or Below,1,99.0,190.509609,51833.0,3903.802262,M,Rural,18
3807,SUV,Basic,Offer3,Employed,Married,High School or Below,6,114.0,272.835064,33882.0,9118.928908,F,Rural,39
1238,Two-Door Car,Premium,Offer1,Employed,Married,Bachelor,7,108.0,254.311154,74001.0,8476.766278,F,Rural,62
2888,Two-Door Car,Basic,Offer2,Employed,Married,Bachelor,1,68.0,326.4,26744.0,2694.599099,F,Suburban,61
3726,Four-Door Car,Premium,Offer1,Employed,Married,High School or Below,3,101.0,484.8,66140.0,8162.617053,F,Suburban,21
2069,Two-Door Car,Basic,Offer1,Employed,Married,Doctor,5,71.0,110.567069,50695.0,5704.977144,M,Rural,30
4535,SUV,Basic,Offer4,Employed,Single,College,2,104.0,499.2,60455.0,32450.39142,F,Suburban,25
5035,Four-Door Car,Basic,Offer3,Employed,Single,College,2,71.0,122.912377,40803.0,8169.513982,F,Rural,19
484,Sports Car,Basic,Offer4,Employed,Married,High School or Below,2,103.0,494.4,21542.0,20266.49877,M,Suburban,37
18,SUV,Basic,Offer4,Disabled,Married,High School or Below,1,100.0,480.0,15192.0,3832.118106,F,Suburban,7
4080,Two-Door Car,Basic,Offer4,Employed,Single,High School or Below,1,67.0,101.288069,62777.0,2656.713092,M,Rural,32
4980,Two-Door Car,Basic,Offer3,Employed,Married,College,1,66.0,261.549577,49625.0,2652.067994,F,Urban,9
50,SUV,Extended,Offer1,Employed,Divorced,College,1,124.0,282.500791,52819.0,4880.713626,M,Rural,89
5197,Four-Door Car,Premium,Offer3,Employed,Divorced,Master,5,105.0,661.608936,49564.0,8355.512557,M,Suburban,29
1183,Four-Door Car,Basic,Offer2,Employed,Married,High School or Below,9,68.0,65.659137,33881.0,5488.931031,F,Rural,83
4376,Two-Door Car,Basic,Offer4,Employed,Single,College,1,67.0,321.6,27800.0,2606.186321,F,Suburban,78
3454,Four-Door Car,Basic,Offer4,Employed,Married,College,8,70.0,215.728468,35011.0,5552.331515,F,Urban,91
3687,Sports Car,Premium,Offer3,Employed,Married,Master,1,181.0,404.95431,29053.0,7256.576235,F,Rural,52
629,Two-Door Car,Basic,Offer2,Employed,Married,Bachelor,1,61.0,45.721456,52785.0,2452.738575,F,Rural,90
2077,Sports Car,Basic,Offer1,Employed,Married,Master,4,109.0,523.2,22849.0,8789.88406,F,Suburban,75
2783,Four-Door Car,Extended,Offer2,Employed,Married,Master,2,85.0,408.0,70961.0,17114.32815,F,Suburban,8
1567,Two-Door Car,Basic,Offer3,Employed,Divorced,Bachelor,2,74.0,262.984836,80409.0,26113.36,M,Urban,72
1741,Four-Door Car,Basic,Offer2,Employed,Married,Bachelor,8,67.0,321.6,22627.0,5285.307579,F,Suburban,43
2067,Four-Door Car,Basic,Offer2,Employed,Single,College,1,64.0,307.2,94003.0,2534.946955,M,Suburban,39
1874,Two-Door Car,Extended,Offer1,Employed,Married,High School or Below,1,95.0,456.0,33043.0,3801.750407,F,Suburban,90
1413,Four-Door Car,Basic,Offer1,Employed,Single,College,1,61.0,278.804991,47455.0,2375.001798,F,Urban,61
3568,Two-Door Car,Basic,Offer1,Disabled,Married,College,2,63.0,302.4,24245.0,7079.790277,M,Suburban,22
2431,Luxury Car,Basic,Offer4,Employed,Married,College,1,192.0,921.6,59847.0,7596.291531,M,Suburban,62
1591,Four-Door Car,Basic,Offer2,Employed,Married,Master,3,74.0,355.2,49311.0,6010.502178,M,Suburban,85
4776,SUV,Extended,Offer2,Employed,Divorced,College,1,124.0,559.412583,36428.0,4896.562733,F,Urban,20
3692,Four-Door Car,Basic,Offer2,Employed,Married,Bachelor,1,73.0,123.790553,40525.0,2879.63179,F,Rural,27
1866,Four-Door Car,Basic,Offer3,Employed,Married,Master,8,63.0,12.744774,50363.0,5069.071361,F,Rural,40
4364,Two-Door Car,Basic,Offer2,Employed,Married,College,9,71.0,60.021023,97607.0,5755.539367,M,Rural,67
4650,Four-Door Car,Extended,Offer2,Employed,Single,College,1,97.0,465.6,21542.0,3733.034622,F,Suburban,21
4185,Two-Door Car,Premium,Offer4,Employed,Married,Bachelor,1,116.0,801.577478,33531.0,4547.892543,M,Suburban,15
1366,SUV,Basic,Offer2,Employed,Married,Bachelor,1,116.0,759.291202,50146.0,4514.247473,M,Suburban,44
5668,Luxury SUV,Basic,Offer2,Employed,Divorced,College,1,199.0,161.61574,60184.0,7664.219255,M,Rural,44
5337,Four-Door Car,Basic,Offer2,Medical Leave,Married,Doctor,3,62.0,175.528642,17250.0,4730.355248,M,Urban,90
2831,Sports Car,Basic,Offer1,Disabled,Divorced,High School or Below,2,103.0,241.141192,27587.0,30286.68586,F,Rural,34
1592,Four-Door Car,Basic,Offer2,Employed,Married,High School or Below,4,73.0,281.295903,81082.0,5838.89915,M,Urban,85
1618,Four-Door Car,Basic,Offer3,Employed,Married,College,6,66.0,316.8,67899.0,5292.202092,M,Suburban,31
2492,Four-Door Car,Extended,Offer2,Disabled,Single,High School or Below,2,84.0,604.8,19245.0,15002.60308,F,Suburban,61
4187,Two-Door Car,Extended,Offer1,Employed,Married,College,1,89.0,429.171384,51950.0,3574.990725,F,Suburban,90
302,Two-Door Car,Basic,Offer2,Employed,Married,Bachelor,1,63.0,76.629988,31678.0,2479.920134,F,Rural,3
2622,Luxury SUV,Basic,Offer1,Employed,Married,Master,3,197.0,518.78464,40467.0,15167.04402,M,Urban,84
1346,Four-Door Car,Premium,Offer1,Employed,Married,Bachelor,1,103.0,130.495798,70129.0,4061.590219,M,Rural,57
1262,Luxury Car,Extended,Offer1,Employed,Single,High School or Below,3,249.0,2294.631639,38688.0,19435.62924,F,Suburban,6
2627,Two-Door Car,Basic,Offer3,Employed,Divorced,College,1,62.0,42.248087,83772.0,2453.408288,M,Rural,76
5371,Luxury Car,Premium,Offer2,Employed,Married,College,1,284.0,1979.444237,29505.0,11250.09857,F,Suburban,70
3350,Four-Door Car,Basic,Offer4,Employed,Divorced,Doctor,1,67.0,52.804096,82108.0,2691.217074,F,Rural,63
2936,SUV,Extended,Offer3,Employed,Married,Master,1,134.0,643.2,49919.0,5432.862643,M,Suburban,5
2471,Four-Door Car,Extended,Offer1,Employed,Married,Bachelor,6,83.0,398.4,32375.0,6563.644143,M,Suburban,83
1617,SUV,Extended,Offer1,Employed,Single,High School or Below,3,129.0,59.526095,46667.0,10103.65572,F,Rural,84
2462,Four-Door Car,Basic,Offer1,Employed,Divorced,Bachelor,1,65.0,20.543176,80210.0,2623.31543,F,Rural,28
5363,SUV,Basic,Offer2,Employed,Single,Bachelor,3,110.0,556.097027,22454.0,8439.615236,M,Suburban,75
2883,Four-Door Car,Basic,Offer4,Employed,Married,College,6,68.0,111.586995,99553.0,5510.965059,F,Rural,85
175,Four-Door Car,Extended,Offer4,Employed,Divorced,Master,4,80.0,178.371281,21020.0,6185.337641,M,Rural,36
854,Four-Door Car,Extended,Offer2,Employed,Married,High School or Below,9,98.0,499.22561,30262.0,7635.883324,M,Suburban,96
825,Four-Door Car,Basic,Offer2,Employed,Divorced,High School or Below,1,66.0,443.44552,83460.0,2655.864573,F,Suburban,18
2867,Four-Door Car,Basic,Offer1,Employed,Married,College,8,66.0,316.8,85753.0,5285.079293,M,Suburban,14
132,Two-Door Car,Basic,Offer1,Medical Leave,Single,High School or Below,2,70.0,75.393383,13164.0,18061.91837,F,Rural,45
3463,Four-Door Car,Basic,Offer1,Employed,Married,College,3,74.0,2.173552,55393.0,5903.612641,F,Rural,6
4234,Luxury Car,Basic,Offer1,Employed,Married,High School or Below,1,186.0,892.8,51692.0,7484.383041,F,Suburban,28
1973,Four-Door Car,Basic,Offer1,Employed,Married,Master,5,64.0,48.046869,99428.0,5185.797582,F,Rural,25
5657,Two-Door Car,Basic,Offer2,Employed,Married,High School or Below,1,67.0,387.71779,63471.0,2682.704812,F,Suburban,71
2093,Four-Door Car,Basic,Offer2,Employed,Married,Bachelor,6,72.0,23.773332,61108.0,5821.128509,F,Rural,84
1285,Four-Door Car,Basic,Offer2,Employed,Married,Bachelor,7,64.0,107.928851,70784.0,5080.23973,M,Rural,93
2349,Two-Door Car,Basic,Offer1,Employed,Married,College,1,61.0,292.8,33775.0,2430.484375,F,Suburban,95
4652,Four-Door Car,Basic,Offer2,Employed,Married,Master,1,63.0,290.911693,37125.0,2540.551456,F,Urban,78
4725,SUV,Basic,Offer4,Employed,Married,College,2,115.0,306.337632,63624.0,41143.09011,F,Urban,40
205,Four-Door Car,Premium,Offer2,Employed,Married,Bachelor,1,109.0,523.2,36692.0,4276.363627,M,Suburban,6
4268,Four-Door Car,Basic,Offer1,Retired,Single,Bachelor,2,74.0,355.2,25859.0,7813.411572,F,Suburban,44
3884,Four-Door Car,Basic,Offer1,Employed,Single,Doctor,5,68.0,143.535826,72960.0,5334.183231,M,Rural,17
1959,Four-Door Car,Extended,Offer1,Employed,Divorced,College,2,83.0,81.599332,59325.0,9772.736775,M,Rural,76
208,Two-Door Car,Basic,Offer2,Employed,Married,College,1,68.0,323.246017,99205.0,2735.538859,F,Urban,21
246,Four-Door Car,Basic,Offer2,Employed,Married,Bachelor,2,74.0,84.494022,71663.0,20998.25947,M,Rural,22
361,Four-Door Car,Basic,Offer1,Medical Leave,Divorced,High School or Below,1,65.0,329.206567,25965.0,2491.257604,F,Suburban,27
1613,Two-Door Car,Extended,Offer1,Employed,Married,College,3,91.0,340.32278,59414.0,7288.297591,F,Urban,21
5578,Two-Door Car,Extended,Offer2,Employed,Married,College,1,95.0,50.171541,79189.0,3821.819872,F,Rural,50
376,SUV,Extended,Offer2,Medical Leave,Married,Bachelor,1,124.0,839.348464,13037.0,4726.869327,F,Suburban,49
5498,Four-Door Car,Premium,Offer1,Employed,Single,Doctor,8,111.0,532.8,45484.0,8767.626534,M,Suburban,28
5172,Sports Car,Basic,Offer3,Retired,Single,Master,1,109.0,594.444586,26161.0,4064.670639,F,Suburban,70
411,SUV,Basic,Offer2,Employed,Married,High School or Below,4,115.0,796.130111,47297.0,8840.193762,F,Suburban,46
4529,SUV,Extended,Offer3,Employed,Married,College,1,121.0,580.8,25187.0,4683.443348,M,Suburban,79
3094,Luxury SUV,Extended,Offer1,Medical Leave,Married,High School or Below,3,206.0,1254.137899,21921.0,15771.39342,M,Suburban,44
4063,Four-Door Car,Extended,Offer2,Employed,Married,College,1,77.0,458.056054,22985.0,3065.365332,F,Suburban,65
4740,Four-Door Car,Basic,Offer3,Employed,Married,Bachelor,1,61.0,38.379869,40658.0,2448.765205,F,Rural,79
1161,Four-Door Car,Basic,Offer1,Employed,Married,College,2,70.0,43.548973,42540.0,8406.385414,F,Rural,52
3545,Four-Door Car,Basic,Offer1,Employed,Married,College,9,72.0,171.166733,55419.0,5838.133617,F,Rural,45
2666,Two-Door Car,Extended,Offer1,Employed,Divorced,Bachelor,3,81.0,529.45565,27835.0,6376.754915,M,Suburban,46
5238,Four-Door Car,Basic,Offer1,Employed,Single,College,7,69.0,447.911255,27978.0,5239.890913,M,Suburban,21
2788,SUV,Extended,Offer1,Employed,Single,Doctor,2,121.0,491.151197,39393.0,32677.34284,M,Urban,61
749,Two-Door Car,Basic,Offer3,Employed,Married,Bachelor,6,74.0,376.760016,38684.0,5860.01804,F,Suburban,22
725,Four-Door Car,Extended,Offer1,Employed,Married,Master,3,90.0,374.716271,38179.0,7268.096004,F,Urban,91
2958,Four-Door Car,Basic,Offer3,Employed,Married,Bachelor,2,74.0,197.776009,67969.0,8852.688689,M,Urban,14
1589,Four-Door Car,Basic,Offer1,Employed,Single,Bachelor,9,72.0,345.6,36088.0,5528.212807,M,Suburban,31
1494,Four-Door Car,Basic,Offer2,Employed,Married,College,2,62.0,76.609295,84302.0,7425.845305,M,Rural,63
5010,Luxury SUV,Basic,Offer1,Employed,Married,College,1,186.0,892.8,52380.0,7360.873696,M,Suburban,76
119,Four-Door Car,Extended,Offer2,Medical Leave,Married,Bachelor,1,93.0,446.4,19861.0,3534.337809,M,Suburban,21
1482,Four-Door Car,Basic,Offer1,Disabled,Divorced,Bachelor,1,64.0,307.2,25772.0,2333.609334,M,Suburban,52
2358,Four-Door Car,Extended,Offer4,Employed,Married,Doctor,3,76.0,104.06843,80590.0,6162.19867,F,Rural,4
2997,Luxury Car,Extended,Offer3,Employed,Married,High School or Below,7,220.0,1056.0,60192.0,17816.68242,F,Suburban,87
4858,SUV,Basic,Offer3,Employed,Single,Master,4,112.0,305.653785,71943.0,8960.280213,F,Urban,51
4442,SUV,Premium,Offer3,Employed,Married,Master,1,195.0,571.663256,28054.0,7771.582097,F,Urban,63
3443,Two-Door Car,Extended,Offer2,Employed,Married,High School or Below,1,92.0,641.388616,39679.0,3652.532435,F,Suburban,85
3043,Two-Door Car,Basic,Offer1,Employed,Single,College,2,65.0,18.965718,58839.0,7432.856752,F,Rural,65
5633,Four-Door Car,Basic,Offer3,Employed,Married,Bachelor,1,65.0,48.344273,62566.0,2598.061204,F,Rural,3
3275,Four-Door Car,Premium,Offer1,Employed,Married,College,2,116.0,556.8,30845.0,41103.24183,F,Suburban,89
4745,Two-Door Car,Extended,Offer2,Employed,Married,High School or Below,1,93.0,360.05589,97212.0,3792.13031,M,Urban,61
4823,Four-Door Car,Extended,Offer2,Employed,Married,Master,1,77.0,428.608683,88246.0,3095.175379,M,Suburban,27
207,Four-Door Car,Basic,Offer1,Medical Leave,Married,College,4,63.0,102.879769,16531.0,4812.525221,M,Rural,40
3284,Sports Car,Basic,Offer1,Employed,Single,College,5,117.0,310.651386,55542.0,9206.429641,F,Urban,76
4547,SUV,Basic,Offer2,Disabled,Married,Doctor,8,104.0,697.010998,21726.0,7860.086842,M,Suburban,79
4681,Luxury Car,Extended,Offer3,Employed,Married,Bachelor,4,217.0,1122.658899,39411.0,16936.27147,F,Suburban,29
1902,Two-Door Car,Premium,Offer1,Medical Leave,Married,College,1,115.0,508.614758,20394.0,4381.880534,F,Urban,84
4695,Two-Door Car,Premium,Offer1,Medical Leave,Single,Bachelor,1,110.0,528.0,20079.0,4097.371676,F,Suburban,63
98,Four-Door Car,Basic,Offer1,Employed,Married,Bachelor,3,73.0,41.464402,94527.0,5860.16743,M,Rural,32
3306,Four-Door Car,Extended,Offer4,Retired,Married,College,1,96.0,666.724937,17557.0,3700.385003,F,Suburban,5
2955,Two-Door Car,Extended,Offer1,Employed,Single,Master,8,77.0,452.095421,43579.0,6135.083838,F,Suburban,17
5601,Four-Door Car,Extended,Offer1,Employed,Single,College,3,79.0,347.595108,94880.0,6271.315156,F,Urban,73
4378,Four-Door Car,Basic,Offer2,Employed,Married,Bachelor,9,62.0,90.569696,36913.0,4938.893241,M,Rural,37
5338,Four-Door Car,Extended,Offer2,Employed,Married,College,4,77.0,203.296071,49419.0,6207.171358,F,Urban,34
4593,Four-Door Car,Basic,Offer3,Medical Leave,Divorced,Bachelor,6,71.0,340.8,16513.0,5223.429265,M,Suburban,37
4602,Four-Door Car,Basic,Offer3,Employed,Married,College,4,63.0,339.906034,23300.0,4962.208409,F,Suburban,35
3885,Four-Door Car,Extended,Offer4,Employed,Married,High School or Below,3,91.0,436.8,53214.0,7228.993348,M,Suburban,76
4114,Four-Door Car,Basic,Offer1,Disabled,Married,Bachelor,3,74.0,355.2,19949.0,5615.073509,F,Suburban,99
426,Two-Door Car,Basic,Offer1,Employed,Single,High School or Below,1,69.0,323.865715,86650.0,2732.652352,F,Urban,64
2164,Four-Door Car,Basic,Offer1,Employed,Divorced,Bachelor,6,61.0,121.654567,73769.0,4822.436037,M,Rural,84
5462,Luxury Car,Basic,Offer3,Employed,Married,High School or Below,1,189.0,907.2,91512.0,7647.451823,M,Suburban,86
2798,Two-Door Car,Extended,Offer4,Employed,Married,High School or Below,2,99.0,72.632934,91375.0,32196.60037,F,Rural,89
3513,Four-Door Car,Premium,Offer2,Employed,Divorced,Master,1,106.0,688.547375,51510.0,4200.373728,M,Suburban,17
3897,SUV,Basic,Offer2,Employed,Married,Bachelor,6,101.0,69.310166,72149.0,8071.334962,M,Rural,43
2440,Four-Door Car,Basic,Offer2,Employed,Divorced,High School or Below,1,73.0,350.4,45360.0,2833.797966,M,Suburban,71
1378,SUV,Basic,Offer2,Employed,Single,College,1,118.0,457.593764,66161.0,4603.975141,M,Urban,86
1144,Two-Door Car,Extended,Offer1,Employed,Married,College,1,94.0,451.2,57647.0,3781.4548,M,Suburban,99
2121,Four-Door Car,Extended,Offer2,Employed,Divorced,Bachelor,1,84.0,161.231812,59592.0,3300.607083,F,Rural,49
1935,Sports Car,Basic,Offer2,Employed,Divorced,Bachelor,1,119.0,571.2,41402.0,4477.45201,F,Suburban,26
1135,Two-Door Car,Basic,Offer4,Employed,Married,High School or Below,6,66.0,300.528579,76717.0,5326.677654,F,Urban,10
2919,Two-Door Car,Basic,Offer4,Employed,Married,Bachelor,2,74.0,355.2,58658.0,11747.65373,F,Suburban,23
4576,Four-Door Car,Basic,Offer2,Employed,Single,Bachelor,7,67.0,212.009825,48345.0,5241.142484,F,Urban,1
4995,Four-Door Car,Premium,Offer1,Employed,Married,Bachelor,1,105.0,504.0,58299.0,4165.252177,M,Suburban,22
4658,SUV,Basic,Offer1,Employed,Divorced,Bachelor,3,114.0,547.2,70973.0,9129.872774,F,Suburban,24
736,Two-Door Car,Extended,Offer3,Employed,Single,Bachelor,1,94.0,842.43785,92600.0,3764.465074,F,Suburban,48
3281,Four-Door Car,Basic,Offer1,Employed,Married,Bachelor,8,65.0,156.18031,94392.0,5206.108215,M,Rural,89
4551,Four-Door Car,Basic,Offer2,Employed,Married,Bachelor,1,69.0,496.8,29286.0,2727.082424,F,Suburban,20
5135,Four-Door Car,Basic,Offer2,Employed,Single,Doctor,1,74.0,355.2,52972.0,2886.232446,M,Suburban,68
5527,Four-Door Car,Basic,Offer4,Employed,Married,College,1,64.0,72.071195,73935.0,2553.672212,F,Rural,29
3193,Four-Door Car,Extended,Offer1,Employed,Married,College,3,86.0,412.8,94652.0,6992.531494,F,Suburban,88
1979,Four-Door Car,Premium,Offer3,Employed,Married,High School or Below,3,115.0,89.119797,75986.0,9312.585034,M,Rural,44
1328,Four-Door Car,Basic,Offer2,Employed,Married,Bachelor,3,65.0,240.221415,92472.0,5228.92013,M,Urban,3
4023,Four-Door Car,Basic,Offer2,Employed,Married,High School or Below,1,66.0,316.8,54378.0,2637.602689,M,Suburban,30
4030,Four-Door Car,Extended,Offer2,Employed,Divorced,College,3,77.0,0.42331,88375.0,6186.497831,F,Rural,11
3427,SUV,Basic,Offer2,Employed,Married,College,1,112.0,536.481665,70088.0,4462.445111,M,Urban,33
2119,Four-Door Car,Basic,Offer4,Employed,Single,High School or Below,3,71.0,509.997312,85447.0,5421.537952,M,Suburban,2
2545,Four-Door Car,Extended,Offer3,Employed,Divorced,High School or Below,1,92.0,354.455466,37843.0,3624.901612,M,Urban,17
2352,Two-Door Car,Basic,Offer2,Employed,Single,College,1,71.0,18.918935,50071.0,2771.045031,F,Rural,32
1578,Four-Door Car,Extended,Offer2,Employed,Married,High School or Below,1,92.0,388.135527,31974.0,3723.114445,F,Urban,77
4383,Four-Door Car,Extended,Offer4,Employed,Married,Bachelor,1,91.0,73.839514,34986.0,3636.943738,F,Rural,75
5345,Four-Door Car,Extended,Offer3,Employed,Married,Bachelor,1,83.0,238.088581,43510.0,3337.59441,F,Urban,75
571,SUV,Basic,Offer4,Employed,Single,High School or Below,2,104.0,631.594469,28014.0,11925.71535,M,Suburban,37
5379,SUV,Premium,Offer1,Employed,Divorced,College,2,164.0,41.05291,70503.0,19393.21145,F,Rural,11
3466,Sports Car,Basic,Offer1,Employed,Married,College,5,103.0,37.802583,96689.0,8272.330818,M,Rural,80
432,Four-Door Car,Basic,Offer3,Employed,Divorced,High School or Below,2,74.0,332.224293,81713.0,26864.20332,F,Urban,41
2623,Sports Car,Basic,Offer3,Disabled,Married,High School or Below,1,112.0,537.6,23124.0,4372.490855,F,Suburban,59
4438,Four-Door Car,Basic,Offer2,Employed,Single,Doctor,3,66.0,67.647131,85607.0,5272.518472,M,Rural,1
1023,Two-Door Car,Basic,Offer1,Employed,Divorced,High School or Below,3,70.0,200.812425,74720.0,5565.693282,M,Urban,99
4950,Four-Door Car,Basic,Offer1,Employed,Single,College,5,65.0,40.757983,93303.0,5157.642282,M,Rural,96
503,Four-Door Car,Basic,Offer2,Employed,Married,Bachelor,1,64.0,201.455005,76731.0,2582.408525,F,Urban,68
5030,Four-Door Car,Basic,Offer1,Employed,Married,Bachelor,1,73.0,350.4,30406.0,2893.313855,F,Suburban,93
3920,SUV,Extended,Offer2,Employed,Married,Bachelor,1,128.0,346.387342,50994.0,5131.360525,M,Urban,48
1312,Four-Door Car,Basic,Offer1,Employed,Divorced,High School or Below,9,70.0,132.208612,50406.0,5519.078475,M,Rural,23
1334,Four-Door Car,Basic,Offer2,Employed,Married,Master,1,71.0,134.104322,27382.0,2858.087414,F,Rural,35
3101,Four-Door Car,Basic,Offer3,Employed,Married,Doctor,1,68.0,247.847239,95782.0,2743.553584,F,Urban,22
1265,SUV,Basic,Offer1,Retired,Divorced,High School or Below,2,101.0,523.815839,20228.0,10408.96865,M,Suburban,43
580,Two-Door Car,Premium,Offer1,Medical Leave,Married,High School or Below,2,103.0,494.4,19066.0,32144.64957,M,Suburban,61
2568,Four-Door Car,Basic,Offer2,Employed,Married,College,1,67.0,321.6,31911.0,2636.97773,M,Suburban,27
1641,Four-Door Car,Basic,Offer2,Employed,Married,Master,3,69.0,176.819414,68197.0,5553.295758,M,Urban,81
4962,SUV,Basic,Offer1,Retired,Married,High School or Below,3,112.0,537.6,28120.0,8560.162384,F,Suburban,52
4581,Four-Door Car,Premium,Offer3,Employed,Married,College,3,111.0,215.438825,58789.0,8888.143979,M,Rural,69
1300,Sports Car,Basic,Offer2,Employed,Divorced,Bachelor,1,110.0,528.0,52679.0,4280.747008,F,Suburban,21
4206,Four-Door Car,Basic,Offer2,Employed,Married,High School or Below,2,71.0,327.078047,36733.0,14019.97546,M,Urban,28
682,Four-Door Car,Basic,Offer3,Employed,Married,Doctor,8,71.0,109.296118,92509.0,5768.830622,F,Rural,43
178,SUV,Extended,Offer4,Employed,Single,College,9,125.0,1224.56345,29504.0,9656.212573,M,Suburban,29
809,Four-Door Car,Basic,Offer2,Employed,Married,Master,3,65.0,81.452537,23636.0,5176.579135,F,Rural,10
5361,Two-Door Car,Extended,Offer1,Employed,Married,College,2,90.0,360.269404,24195.0,10793.75704,F,Urban,70
1792,Four-Door Car,Basic,Offer4,Employed,Married,Bachelor,3,68.0,267.214383,88251.0,5475.337618,F,Urban,2
5229,SUV,Basic,Offer1,Employed,Married,Bachelor,7,110.0,79.865605,61281.0,8737.837514,M,Rural,16
1576,Four-Door Car,Basic,Offer1,Disabled,Married,College,2,73.0,206.863422,20819.0,8168.714346,M,Urban,65
377,SUV,Extended,Offer1,Medical Leave,Married,College,6,126.0,604.8,22166.0,9799.175061,M,Suburban,22
1472,Four-Door Car,Extended,Offer3,Employed,Married,Bachelor,2,94.0,451.2,65448.0,11269.23099,F,Suburban,66
3683,SUV,Basic,Offer1,Employed,Divorced,College,1,116.0,381.570261,95550.0,4595.524548,M,Urban,75
4917,Four-Door Car,Extended,Offer1,Employed,Married,Bachelor,6,83.0,456.519419,92653.0,6674.455913,F,Suburban,80
4176,Four-Door Car,Basic,Offer2,Employed,Married,Master,3,62.0,238.005074,53265.0,4980.825042,F,Urban,27
3420,SUV,Basic,Offer3,Employed,Married,Bachelor,9,101.0,484.8,25595.0,8058.659713,M,Suburban,86
4173,Four-Door Car,Extended,Offer3,Disabled,Married,College,7,93.0,446.4,20416.0,7048.544758,M,Suburban,68
1729,Luxury Car,Basic,Offer3,Employed,Married,College,3,198.0,1396.702365,54833.0,15512.24997,M,Suburban,92
3987,Four-Door Car,Basic,Offer1,Employed,Married,High School or Below,5,64.0,82.483947,88081.0,5174.081063,F,Rural,94
4844,Four-Door Car,Extended,Offer3,Employed,Single,Master,1,90.0,338.744392,28729.0,3267.709691,M,Urban,19
4212,Luxury SUV,Extended,Offer4,Employed,Married,High School or Below,9,211.0,1012.8,98623.0,17019.1929,M,Suburban,69
714,Two-Door Car,Basic,Offer2,Employed,Divorced,High School or Below,1,71.0,511.2,24224.0,2826.804029,F,Suburban,64
2078,Four-Door Car,Basic,Offer1,Employed,Married,Bachelor,1,63.0,11.879037,80744.0,2527.653796,F,Rural,84
3276,Four-Door Car,Basic,Offer1,Medical Leave,Married,High School or Below,1,66.0,475.2,26854.0,2576.455597,M,Suburban,70
2027,Sports Car,Extended,Offer3,Employed,Married,College,1,122.0,259.998169,24711.0,4810.97858,F,Rural,93
3703,SUV,Basic,Offer1,Employed,Married,Bachelor,9,105.0,2.54009,61337.0,8447.888167,F,Rural,46
5283,SUV,Basic,Offer1,Employed,Married,High School or Below,2,112.0,523.688037,83392.0,13464.60289,M,Urban,34
3727,Two-Door Car,Basic,Offer3,Employed,Married,Bachelor,2,68.0,51.662597,30584.0,8072.746442,M,Rural,37
1491,Four-Door Car,Extended,Offer3,Medical Leave,Single,Master,2,99.0,475.2,27229.0,18745.39592,F,Suburban,9
4218,Two-Door Car,Premium,Offer2,Medical Leave,Married,Bachelor,3,116.0,792.609747,15142.0,8903.966435,F,Suburban,5
2146,Four-Door Car,Basic,Offer4,Employed,Single,High School or Below,2,68.0,244.727144,72309.0,8059.893671,M,Urban,51
1504,Two-Door Car,Extended,Offer4,Employed,Single,College,2,86.0,93.309811,76276.0,10110.76997,M,Rural,19
5619,Two-Door Car,Basic,Offer3,Employed,Married,College,3,71.0,50.587035,98132.0,5734.598243,F,Rural,61
1550,Four-Door Car,Extended,Offer2,Employed,Single,Doctor,1,96.0,460.8,36633.0,3757.804716,M,Suburban,61
2812,Four-Door Car,Basic,Offer1,Medical Leave,Married,Master,9,69.0,331.2,25545.0,5348.071007,M,Suburban,49
3072,SUV,Extended,Offer2,Employed,Married,College,4,130.0,623.505066,60944.0,10080.37031,M,Urban,38
2034,Four-Door Car,Extended,Offer1,Retired,Married,College,5,96.0,460.8,23091.0,5926.729379,M,Suburban,90
850,Two-Door Car,Basic,Offer2,Employed,Married,Bachelor,8,69.0,331.2,96406.0,5593.434009,F,Suburban,64
5409,SUV,Premium,Offer1,Employed,Married,College,3,190.0,912.0,32961.0,15014.0927,M,Suburban,53
1298,SUV,Basic,Offer1,Disabled,Divorced,Bachelor,1,102.0,489.6,23474.0,3964.151263,F,Suburban,21
879,Four-Door Car,Basic,Offer2,Employed,Married,Bachelor,3,65.0,236.643695,33171.0,5147.11023,F,Urban,17
1583,Two-Door Car,Basic,Offer3,Disabled,Single,High School or Below,1,62.0,297.6,24400.0,2311.211287,F,Suburban,25
4662,SUV,Basic,Offer1,Employed,Married,College,3,115.0,124.967415,37970.0,9061.767848,M,Rural,44
5052,Two-Door Car,Basic,Offer3,Employed,Married,College,4,66.0,211.515893,62808.0,5365.93282,F,Urban,37
1171,Four-Door Car,Extended,Offer1,Medical Leave,Married,Bachelor,5,94.0,451.2,12075.0,7264.803903,F,Suburban,23
5264,SUV,Extended,Offer1,Medical Leave,Divorced,High School or Below,2,121.0,580.8,26376.0,35862.99324,M,Suburban,19
3283,Four-Door Car,Basic,Offer1,Employed,Married,Bachelor,8,70.0,336.0,34236.0,5509.377781,M,Suburban,87
3297,Four-Door Car,Basic,Offer3,Employed,Married,High School or Below,3,63.0,302.4,43460.0,5065.935608,F,Suburban,18
710,Two-Door Car,Extended,Offer3,Disabled,Divorced,Bachelor,1,86.0,412.8,16269.0,3211.070017,M,Suburban,84
2777,Four-Door Car,Extended,Offer2,Medical Leave,Married,Doctor,2,79.0,379.2,17932.0,21274.34205,M,Suburban,38
3975,Two-Door Car,Basic,Offer3,Employed,Married,Bachelor,1,71.0,340.8,76356.0,2862.563059,F,Suburban,61
2470,Four-Door Car,Extended,Offer2,Employed,Married,Master,5,90.0,411.671832,84629.0,7291.599536,F,Urban,17
2375,Four-Door Car,Basic,Offer3,Medical Leave,Divorced,Bachelor,2,71.0,268.676912,17449.0,15550.19077,F,Urban,55
2672,SUV,Extended,Offer2,Employed,Single,Master,2,126.0,452.616872,35296.0,29194.36639,M,Urban,11
14,Four-Door Car,Basic,Offer2,Retired,Divorced,Bachelor,1,71.0,340.8,18608.0,2538.62632,M,Suburban,24
1381,Two-Door Car,Extended,Offer2,Employed,Married,High School or Below,1,90.0,432.0,82477.0,3644.833554,F,Suburban,69
4926,Four-Door Car,Basic,Offer2,Employed,Married,College,2,65.0,149.688222,94303.0,7908.452072,M,Rural,9
5319,Four-Door Car,Basic,Offer1,Employed,Single,Bachelor,5,66.0,37.960537,89781.0,5210.348372,M,Rural,89
2859,Sports Car,Basic,Offer3,Employed,Married,Master,5,112.0,537.6,71499.0,9024.199159,M,Suburban,61
748,SUV,Basic,Offer4,Employed,Married,Bachelor,7,103.0,480.578584,54950.0,8193.555045,M,Urban,75
307,Four-Door Car,Basic,Offer1,Employed,Married,College,1,69.0,331.2,53882.0,2790.682957,F,Suburban,33
282,Four-Door Car,Basic,Offer2,Employed,Married,Bachelor,1,66.0,138.729702,24914.0,2615.304467,F,Rural,90
4796,Four-Door Car,Basic,Offer3,Disabled,Married,College,3,72.0,16.510134,29894.0,5106.781547,F,Rural,69
487,Four-Door Car,Basic,Offer4,Employed,Married,College,1,63.0,302.4,36635.0,2486.064902,M,Suburban,28
114,SUV,Premium,Offer2,Employed,Married,College,2,161.0,772.8,48367.0,57520.50151,F,Suburban,34
542,Four-Door Car,Basic,Offer3,Medical Leave,Married,College,2,64.0,296.962938,10334.0,7284.262288,M,Urban,80
357,Four-Door Car,Extended,Offer4,Employed,Married,Doctor,2,79.0,127.322656,53375.0,9566.839884,M,Rural,92
2729,SUV,Basic,Offer2,Employed,Married,College,2,109.0,132.139111,80807.0,21991.61598,F,Rural,73
5214,Two-Door Car,Basic,Offer1,Disabled,Married,Bachelor,6,62.0,49.364254,13933.0,4711.080198,F,Rural,32
3129,Four-Door Car,Basic,Offer2,Employed,Married,Bachelor,7,64.0,200.493214,59216.0,5061.180855,F,Urban,66
4746,SUV,Extended,Offer1,Employed,Divorced,High School or Below,1,132.0,538.545218,80928.0,5283.362834,F,Urban,27
1446,Four-Door Car,Basic,Offer4,Employed,Married,College,1,63.0,365.002909,37811.0,2530.810167,F,Suburban,14
593,SUV,Basic,Offer1,Disabled,Married,Bachelor,3,112.0,537.6,20169.0,8084.325058,M,Suburban,81
462,SUV,Basic,Offer2,Employed,Married,High School or Below,1,110.0,316.876671,33488.0,4314.174392,M,Urban,61
3371,Two-Door Car,Basic,Offer4,Disabled,Married,Bachelor,2,68.0,76.026046,24133.0,7583.189638,M,Rural,42
4877,Four-Door Car,Extended,Offer1,Employed,Married,College,1,97.0,647.039443,58297.0,3609.798318,M,Suburban,94
1570,Four-Door Car,Basic,Offer2,Employed,Married,High School or Below,8,69.0,427.874055,40376.0,5421.018201,M,Suburban,46
522,Four-Door Car,Extended,Offer4,Employed,Married,Doctor,2,88.0,92.966783,56598.0,10629.33736,M,Rural,29
3474,Two-Door Car,Basic,Offer4,Disabled,Married,Doctor,2,67.0,68.019973,14119.0,22712.02364,M,Rural,53
0,Four-Door Car,Extended,Offer1,Retired,Divorced,High School or Below,2,90.0,571.479602,11828.0,10083.48688,F,Suburban,84
5005,Four-Door Car,Basic,Offer3,Retired,Divorced,Doctor,5,62.0,297.6,19186.0,4518.782768,M,Suburban,34
2673,Two-Door Car,Extended,Offer3,Employed,Married,College,3,82.0,672.026958,46750.0,6444.076976,M,Suburban,74
5454,SUV,Basic,Offer2,Disabled,Married,High School or Below,1,106.0,508.8,15413.0,4013.849907,F,Suburban,67
445,Four-Door Car,Extended,Offer1,Employed,Single,Master,1,91.0,25.299,49080.0,3585.884123,M,Rural,68
670,Four-Door Car,Extended,Offer2,Employed,Divorced,Bachelor,9,78.0,482.48791,65252.0,6091.89923,M,Suburban,75
5418,Four-Door Car,Basic,Offer2,Employed,Single,High School or Below,9,68.0,449.819671,26173.0,5116.624022,F,Suburban,10
3764,Sports Car,Basic,Offer2,Employed,Married,Master,2,112.0,297.187468,57222.0,13502.63148,M,Urban,88
1852,Four-Door Car,Extended,Offer1,Employed,Married,Master,3,92.0,270.563995,71135.0,7396.283653,F,Urban,64
2212,Four-Door Car,Extended,Offer1,Employed,Married,Bachelor,2,89.0,527.139074,75313.0,10700.4952,F,Suburban,64
5333,SUV,Extended,Offer3,Employed,Married,Bachelor,3,122.0,133.4674,30431.0,9640.532979,F,Rural,16
3235,Two-Door Car,Basic,Offer3,Retired,Divorced,College,2,64.0,307.2,26714.0,6913.566525,F,Suburban,7
935,Four-Door Car,Basic,Offer2,Employed,Married,High School or Below,5,62.0,297.6,35127.0,4842.284965,M,Suburban,21
1230,Two-Door Car,Basic,Offer3,Employed,Married,High School or Below,7,68.0,326.4,88768.0,5499.447223,F,Suburban,77
5472,Four-Door Car,Basic,Offer4,Employed,Married,High School or Below,8,74.0,28.31732,62120.0,5943.07303,F,Rural,39
927,Four-Door Car,Basic,Offer1,Retired,Single,College,5,67.0,321.6,10621.0,4386.277558,M,Suburban,22
833,Four-Door Car,Extended,Offer2,Employed,Divorced,Bachelor,1,91.0,436.8,61894.0,3663.740198,F,Suburban,21
2515,SUV,Premium,Offer1,Employed,Single,High School or Below,3,175.0,833.072722,90343.0,13742.53724,M,Urban,68
2921,Two-Door Car,Extended,Offer4,Employed,Married,Doctor,9,98.0,470.4,45703.0,7879.928952,F,Suburban,36
4193,Four-Door Car,Extended,Offer2,Employed,Married,High School or Below,2,92.0,441.6,31063.0,10808.06597,M,Suburban,19
5190,SUV,Premium,Offer1,Medical Leave,Divorced,College,2,146.0,700.8,29439.0,16355.31386,M,Suburban,10
1555,Two-Door Car,Premium,Offer4,Employed,Single,High School or Below,1,107.0,513.6,66331.0,4297.189057,F,Suburban,74
2899,Two-Door Car,Premium,Offer2,Employed,Married,Bachelor,3,107.0,513.6,96200.0,8632.783576,F,Suburban,45
142,Two-Door Car,Basic,Offer3,Employed,Divorced,Doctor,6,73.0,343.278996,61776.0,5743.403321,M,Urban,61
1237,Two-Door Car,Extended,Offer1,Employed,Married,Bachelor,2,80.0,202.905809,51593.0,9404.447425,F,Urban,91
2424,Four-Door Car,Basic,Offer2,Medical Leave,Married,High School or Below,1,61.0,292.8,28806.0,2337.35182,F,Suburban,90
4451,Four-Door Car,Basic,Offer1,Employed,Married,College,7,74.0,128.643975,35301.0,5874.820212,F,Rural,68
2885,Four-Door Car,Extended,Offer2,Employed,Married,High School or Below,1,91.0,655.2,28304.0,3579.023825,F,Suburban,30
2158,SUV,Basic,Offer4,Employed,Married,High School or Below,3,116.0,556.8,25370.0,9384.654502,F,Suburban,64
4199,Two-Door Car,Basic,Offer4,Employed,Married,Bachelor,2,61.0,435.835125,51789.0,7355.349908,M,Suburban,31
4699,Four-Door Car,Extended,Offer2,Employed,Single,Master,2,94.0,56.868289,32006.0,29328.04185,F,Rural,7
3549,Four-Door Car,Basic,Offer2,Employed,Married,Bachelor,1,66.0,316.8,60798.0,2609.533154,M,Suburban,57
1395,Four-Door Car,Premium,Offer1,Employed,Married,Doctor,6,114.0,547.2,73759.0,9102.902307,M,Suburban,25
4298,Four-Door Car,Extended,Offer1,Employed,Married,College,1,78.0,507.060901,60108.0,3142.81161,F,Suburban,63
1532,Four-Door Car,Extended,Offer1,Employed,Married,High School or Below,7,91.0,40.536151,41951.0,7243.865476,M,Rural,56
1291,Sports Car,Basic,Offer1,Employed,Married,High School or Below,2,102.0,489.6,41004.0,11814.53241,F,Suburban,26
2766,Two-Door Car,Extended,Offer4,Employed,Married,Bachelor,1,83.0,544.712653,97576.0,3359.239423,M,Suburban,49
443,Four-Door Car,Basic,Offer2,Employed,Divorced,College,1,72.0,267.415871,74034.0,2862.180262,M,Urban,64
2234,Four-Door Car,Basic,Offer2,Employed,Divorced,College,1,74.0,95.997363,89410.0,2945.998877,M,Rural,50
2226,Sports Car,Basic,Offer1,Employed,Married,High School or Below,8,113.0,542.4,57078.0,9060.204521,F,Suburban,13
4379,Four-Door Car,Extended,Offer2,Employed,Married,Master,1,92.0,213.225001,60804.0,3679.142115,M,Rural,50
206,Four-Door Car,Extended,Offer3,Employed,Married,High School or Below,2,88.0,152.338562,39102.0,10481.94383,F,Rural,98
2898,Four-Door Car,Extended,Offer1,Employed,Married,Bachelor,5,83.0,182.432565,47274.0,6636.859781,F,Rural,26
2891,Four-Door Car,Premium,Offer1,Employed,Married,College,2,119.0,148.98255,95715.0,14120.03562,M,Rural,52
4911,Sports Car,Extended,Offer2,Employed,Married,High School or Below,2,132.0,98.206649,61148.0,15956.51879,F,Rural,25
339,Four-Door Car,Basic,Offer2,Employed,Married,Bachelor,3,72.0,345.6,41043.0,5643.802354,M,Suburban,60
3605,Luxury Car,Extended,Offer2,Employed,Married,High School or Below,1,225.0,1080.0,63326.0,8935.274872,M,Suburban,99
4840,Four-Door Car,Basic,Offer4,Employed,Divorced,College,2,62.0,255.285875,46244.0,14590.24583,F,Urban,3
2275,SUV,Extended,Offer3,Employed,Married,College,1,121.0,86.320022,89642.0,4719.450052,F,Rural,20
4013,Four-Door Car,Basic,Offer4,Employed,Married,High School or Below,2,66.0,219.209762,26876.0,21034.01815,F,Urban,53
3176,SUV,Extended,Offer1,Employed,Married,Bachelor,1,136.0,652.8,40178.0,5308.617246,M,Suburban,13
39,Two-Door Car,Extended,Offer3,Employed,Married,Master,7,83.0,229.620398,23616.0,6610.048274,F,Urban,68
1597,Four-Door Car,Basic,Offer3,Employed,Married,College,1,67.0,124.933587,80985.0,2707.20846,M,Rural,52
3037,Four-Door Car,Basic,Offer1,Employed,Married,High School or Below,2,68.0,326.4,32314.0,8109.364607,F,Suburban,77
185,Four-Door Car,Basic,Offer1,Employed,Married,High School or Below,8,65.0,41.016038,37874.0,5258.251562,F,Rural,65
2414,Four-Door Car,Basic,Offer1,Employed,Married,High School or Below,2,67.0,83.830109,34482.0,13265.96256,M,Rural,6
905,Four-Door Car,Extended,Offer1,Employed,Married,College,6,92.0,20.374393,41025.0,7304.395148,F,Rural,92
568,Four-Door Car,Extended,Offer1,Employed,Married,Bachelor,2,80.0,350.689559,71269.0,9628.702696,F,Urban,85
4655,Four-Door Car,Basic,Offer2,Retired,Married,Master,2,67.0,321.6,10337.0,22806.46912,F,Suburban,56
3553,SUV,Basic,Offer1,Employed,Married,College,2,102.0,123.491865,33760.0,11944.40399,M,Rural,11
1471,SUV,Basic,Offer3,Employed,Married,College,2,110.0,365.361427,53105.0,25900.19716,M,Urban,65
297,Four-Door Car,Basic,Offer1,Disabled,Divorced,Master,2,74.0,523.888845,26057.0,8509.850887,M,Suburban,63
2517,SUV,Basic,Offer2,Employed,Married,College,3,115.0,449.428182,99185.0,9369.639891,F,Urban,19
3934,Two-Door Car,Basic,Offer1,Employed,Married,Master,2,73.0,119.033795,36212.0,17556.99121,F,Rural,57
